fulcrum_id,created_at,updated_at,created_by,updated_by,system_created_at,system_updated_at,version,status,project,assigned_to,latitude,longitude,geometry,sample_photo,sample_photo_caption,sample_photo_url,substrate,substrate_other,substrate_notes,landscape,sky_view,gridsect,gridsect_index,grid_sect_direction,gridsect_radius,substrate_temperature,substrate_moisture,ambient_humidity,ambient_temperature_c,c_label,date,time,gps_altitude,gps_horizontal_accuracy,gps_vertical_accuracy,gps_speed,gps_course
742a136f-1fb4-436b-9897-15fbc1c2be71,2019-08-27 20:36:49 UTC,2019-08-27 20:38:50 UTC,stefanzdraljevic2018@u.northwestern.edu,stefanzdraljevic2018@u.northwestern.edu,2019-09-04 03:00:27 UTC,2019-09-04 03:00:27 UTC,1,,HawaiiOctober2018,,20.0396440508297,-155.439740810463,POINT (-155.439740810463 20.0396440508297),0e9e2769-aad6-4436-92ae-c84152786cfd,,https://web.fulcrumapp.com/photos/view?photos=0e9e2769-aad6-4436-92ae-c84152786cfd,Leaf litter,,,Wild forest,Partially Obstructed,no,,,,23.3,40,72.2,26.3,C-4746,2019-08-27,10:36,625.039745778151,32.0048330947235,108.769172668457,0.0123611437156796,320.708035421094
a72c15d9-cddc-4b41-bde4-8ae2095189ff,2019-08-27 20:38:59 UTC,2019-08-27 20:40:32 UTC,stefanzdraljevic2018@u.northwestern.edu,stefanzdraljevic2018@u.northwestern.edu,2019-09-04 03:00:27 UTC,2019-09-04 03:00:27 UTC,1,,HawaiiOctober2018,,20.0397339731543,-155.43981750274,POINT (-155.43981750274 20.0397339731543),a7b75c4a-2dbd-4b74-a481-08a7bc58c593,,https://web.fulcrumapp.com/photos/view?photos=a7b75c4a-2dbd-4b74-a481-08a7bc58c593,Leaf litter,,,Wild forest,Partially Obstructed,no,,,,23.1,40,76,25.6,C-4747,2019-08-27,10:38,647.310271328883,32.0048330947235,31.0505104064941,0.00883437879383564,316.030421349146
54e7bd72-6fa6-49fc-af34-35f8ccb648fc,2019-08-27 20:40:43 UTC,2019-08-27 20:42:02 UTC,stefanzdraljevic2018@u.northwestern.edu,stefanzdraljevic2018@u.northwestern.edu,2019-09-04 03:00:28 UTC,2019-09-04 03:00:28 UTC,1,,HawaiiOctober2018,,20.0399939094776,-155.44067695167,POINT (-155.44067695167 20.0399939094776),aceeaf13-3b2c-417b-9ef3-05c5c71f2c56,,https://web.fulcrumapp.com/photos/view?photos=aceeaf13-3b2c-417b-9ef3-05c5c71f2c56,Leaf litter,,,Wild forest,Partially Obstructed,no,,,,25.3,38,77.5,24.9,C-4786,2019-08-27,10:40,636.521222149364,32.0048330947235,13.2219190597534,0.0449203923344612,340.014138846025
3ee6238b-13cb-4c20-b532-e6591d3d612f,2019-08-27 20:42:13 UTC,2019-08-27 20:43:57 UTC,stefanzdraljevic2018@u.northwestern.edu,stefanzdraljevic2018@u.northwestern.edu,2019-09-04 03:00:28 UTC,2019-09-04 03:00:28 UTC,1,,HawaiiOctober2018,,20.0404097373696,-155.440896727136,POINT (-155.440896727136 20.0404097373696),c1c546ad-5989-4d6a-b615-bf4b55b7a7ef,,https://web.fulcrumapp.com/photos/view?photos=c1c546ad-5989-4d6a-b615-bf4b55b7a7ef,Leaf litter,,,Wild forest,Partially Obstructed,no,,,,22.7,40,77.5,25.6,C-4755,2019-08-27,10:42,661.006957888905,8.00120827368088,9.08599948883057,0.0119081391021609,315.777130613965
4776dce1-4ed2-4945-9712-7610e3b931fb,2019-08-27 20:44:29 UTC,2019-08-27 20:45:32 UTC,stefanzdraljevic2018@u.northwestern.edu,stefanzdraljevic2018@u.northwestern.edu,2019-09-04 03:00:28 UTC,2019-09-04 03:00:28 UTC,1,,HawaiiOctober2018,,20.0407766259297,-155.441451356517,POINT (-155.441451356517 20.0407766259297),bd39b735-3aee-41a8-b076-e0bcaeba1b6d,,https://web.fulcrumapp.com/photos/view?photos=bd39b735-3aee-41a8-b076-e0bcaeba1b6d,Leaf litter,,,Wild forest,Full,no,,,,23,38,76.6,24.9,C-4751,2019-08-27,10:44,663.50916560227,6.00090620526066,8.56960201263428,0.106716684997082,312.825341420739
9ef10bc4-a2fe-4660-ac5c-77fab003b576,2019-08-27 20:45:43 UTC,2019-08-27 20:47:07 UTC,stefanzdraljevic2018@u.northwestern.edu,stefanzdraljevic2018@u.northwestern.edu,2019-09-04 03:00:29 UTC,2019-09-04 03:00:29 UTC,1,,HawaiiOctober2018,,20.04081434143,-155.441609536081,POINT (-155.441609536081 20.04081434143),ad208f95-3437-464b-8ca5-078e3527a51c,,https://web.fulcrumapp.com/photos/view?photos=ad208f95-3437-464b-8ca5-078e3527a51c,Leaf litter,,,Wild forest,Partially Obstructed,no,,,,22.9,38,75.6,25.6,C-4759,2019-08-27,10:45,661.06327960219,8.00120827368088,9.70828628540039,0.00673750787973404,281.021139286465
6f9c6c6b-5138-41f6-95ea-0764ebc95664,2019-08-27 20:47:48 UTC,2019-08-27 20:48:26 UTC,stefanzdraljevic2018@u.northwestern.edu,stefanzdraljevic2018@u.northwestern.edu,2019-09-04 03:00:29 UTC,2019-09-04 03:00:29 UTC,1,,HawaiiOctober2018,,20.041029684861,-155.441739599659,POINT (-155.441739599659 20.041029684861),47fa96cf-345f-4f9a-bb7c-ed32ce455494,,https://web.fulcrumapp.com/photos/view?photos=47fa96cf-345f-4f9a-bb7c-ed32ce455494,Leaf litter,,,Wild forest,Partially Obstructed,no,,,,21.6,39,76.4,24.3,C-4763,2019-08-27,10:47,663.086428240199,8.00120827368088,8.53052997589111,0.517749965190887,359.017664890725
bdebedc5-b88c-4b1e-8aa7-9498912fed3a,2019-08-27 20:48:40 UTC,2019-08-27 20:49:35 UTC,stefanzdraljevic2018@u.northwestern.edu,stefanzdraljevic2018@u.northwestern.edu,2019-09-04 03:00:30 UTC,2019-09-04 03:00:30 UTC,1,,HawaiiOctober2018,,20.0411204237729,-155.441750164711,POINT (-155.441750164711 20.0411204237729),09f2026d-3fff-4be1-8d34-7851ef2a037a,,https://web.fulcrumapp.com/photos/view?photos=09f2026d-3fff-4be1-8d34-7851ef2a037a,Leaf litter,,,Wild forest,Partially Obstructed,no,,,,21,40,77.5,23.6,C-4767,2019-08-27,10:48,652.202652942042,8.00120827368088,7.94571828842163,0.0310673378407955,342.151906093969
bef23c81-0e92-4176-a671-5768dd11b03d,2019-08-27 20:50:44 UTC,2019-08-27 20:51:55 UTC,stefanzdraljevic2018@u.northwestern.edu,stefanzdraljevic2018@u.northwestern.edu,2019-09-04 03:00:30 UTC,2019-09-04 03:00:30 UTC,1,,HawaiiOctober2018,,20.0396386602941,-155.442196838558,POINT (-155.442196838558 20.0396386602941),ef68cc7e-d7aa-4129-8316-7b96073558fb,,https://web.fulcrumapp.com/photos/view?photos=ef68cc7e-d7aa-4129-8316-7b96073558fb,Leaf litter,,,Wild forest,Partially Obstructed,no,,,,21.4,40,79.1,24.3,C-4742,2019-08-27,10:50,,,,,
58fd11d3-45ed-4b1a-8dfe-cd6f21c93e4a,2019-08-27 20:53:29 UTC,2019-08-27 20:55:46 UTC,stefanzdraljevic2018@u.northwestern.edu,stefanzdraljevic2018@u.northwestern.edu,2019-09-04 03:00:30 UTC,2019-09-04 03:00:30 UTC,1,,HawaiiOctober2018,,20.0409577868304,-155.441785049401,POINT (-155.441785049401 20.0409577868304),8dd6fd16-4a35-4bed-a4f8-5301ad386bc8,,https://web.fulcrumapp.com/photos/view?photos=8dd6fd16-4a35-4bed-a4f8-5301ad386bc8,Leaf litter,,,Wild forest,Partially Obstructed,no,,,,22,36,76.6,25.6,C-4779,2019-08-27,10:53,672.021803337402,8.00120827368088,7.57401609420776,0.357452124357224,249.764363153789
23714979-3ced-40d4-8607-8e682690055a,2019-08-27 20:59:55 UTC,2019-08-27 21:04:37 UTC,stefanzdraljevic2018@u.northwestern.edu,stefanzdraljevic2018@u.northwestern.edu,2019-09-04 03:00:31 UTC,2019-09-04 03:00:31 UTC,1,,HawaiiOctober2018,,20.0403296983681,-155.442145670037,POINT (-155.442145670037 20.0403296983681),1867c46a-e432-4b7e-9a8d-be0ca669da4b,,https://web.fulcrumapp.com/photos/view?photos=1867c46a-e432-4b7e-9a8d-be0ca669da4b,Fruit,,,Wild forest,Partially Obstructed,no,,,,23.8,,69.4,25.6,C-4750,2019-08-27,10:59,667.809582032607,6.00090620526066,7.96258735656738,0.110468722879887,123.193212398934
888a23c4-51cd-420f-83bf-de1ac14ccadb,2019-08-27 21:08:42 UTC,2019-08-27 21:09:48 UTC,stefanzdraljevic2018@u.northwestern.edu,stefanzdraljevic2018@u.northwestern.edu,2019-09-04 03:00:31 UTC,2019-09-04 03:00:31 UTC,1,,HawaiiOctober2018,,20.0403011372171,-155.442236372275,POINT (-155.442236372275 20.0403011372171),52218618-fd2a-4b54-b99f-14eaae17114f,,https://web.fulcrumapp.com/photos/view?photos=52218618-fd2a-4b54-b99f-14eaae17114f,Leaf litter,,,Wild forest,Partially Obstructed,no,,,,21.6,40,76.6,24.9,C-4754,2019-08-27,11:08,675.390435062156,48.0,55.0412940979004,1.31334364414215,-1.0
a02a18e4-a71b-4309-baca-07257be085ce,2019-08-27 21:10:15 UTC,2019-08-27 21:11:23 UTC,stefanzdraljevic2018@u.northwestern.edu,stefanzdraljevic2018@u.northwestern.edu,2019-09-04 03:00:32 UTC,2019-09-04 03:00:32 UTC,1,,HawaiiOctober2018,,20.0403116357289,-155.442105144262,POINT (-155.442105144262 20.0403116357289),a81371be-fc9b-4b47-8929-766211ae737d,,https://web.fulcrumapp.com/photos/view?photos=a81371be-fc9b-4b47-8929-766211ae737d,Fruit,,,Wild forest,Partially Obstructed,no,,,,,,76.6,24.9,C-4758,2019-08-27,11:10,667.173128755973,8.00120827368088,8.6579122543335,0.0748308375477791,204.633683307254
75f5c987-7eb7-402e-8234-c2f60961036f,2019-08-27 21:11:26 UTC,2019-08-27 21:12:02 UTC,stefanzdraljevic2018@u.northwestern.edu,stefanzdraljevic2018@u.northwestern.edu,2019-09-04 03:00:32 UTC,2019-09-04 03:00:32 UTC,1,,HawaiiOctober2018,,20.0404306308961,-155.442125885615,POINT (-155.442125885615 20.0404306308961),ec054f4e-96f1-4465-bf91-991c5e5c4d2b,,https://web.fulcrumapp.com/photos/view?photos=ec054f4e-96f1-4465-bf91-991c5e5c4d2b,Leaf litter,,,Wild forest,Partially Obstructed,no,,,,,,76.6,24.9,C-4762,2019-08-27,11:11,678.738166094687,8.00120827368088,8.02503871917725,0.0106719704344869,340.742537539872
9e84d66f-ff0b-4b79-a180-df7fa684220b,2019-08-27 21:12:03 UTC,2019-08-27 21:13:02 UTC,stefanzdraljevic2018@u.northwestern.edu,stefanzdraljevic2018@u.northwestern.edu,2019-09-04 03:00:32 UTC,2019-09-04 03:00:32 UTC,1,,HawaiiOctober2018,,20.0404437746403,-155.442087433636,POINT (-155.442087433636 20.0404437746403),4c13760e-270d-4040-9e8e-db3e1419acfe,,https://web.fulcrumapp.com/photos/view?photos=4c13760e-270d-4040-9e8e-db3e1419acfe,Leaf litter,,,Wild forest,Partially Obstructed,no,,,,22.1,40,76.6,24.9,C-4766,2019-08-27,11:12,673.034884270888,6.00090620526066,7.21407699584961,0.00316952331922948,13.6860043560178
286c3ff8-e4c3-4fef-9486-c77f2a15b88e,2019-08-27 21:13:04 UTC,2019-08-27 21:14:17 UTC,stefanzdraljevic2018@u.northwestern.edu,stefanzdraljevic2018@u.northwestern.edu,2019-09-04 03:00:33 UTC,2019-09-04 03:00:33 UTC,1,,HawaiiOctober2018,,20.0404378779069,-155.442021675626,POINT (-155.442021675626 20.0404378779069),73439927-6c1a-4edd-bc3e-9866c6f90c1a,,https://web.fulcrumapp.com/photos/view?photos=73439927-6c1a-4edd-bc3e-9866c6f90c1a,Leaf litter,,,Wild forest,Partially Obstructed,no,,,,22.9,39,74,24.3,C-4770,2019-08-27,11:13,672.780688800904,8.00120827368088,9.02609252929688,0.0180436670780182,73.9680527110301
ae14949c-a2db-4407-a232-11d440cb7f9b,2019-08-27 21:14:18 UTC,2019-08-27 21:15:04 UTC,stefanzdraljevic2018@u.northwestern.edu,stefanzdraljevic2018@u.northwestern.edu,2019-09-04 03:00:33 UTC,2019-09-04 03:00:33 UTC,1,,HawaiiOctober2018,,20.0404567356279,-155.442020072023,POINT (-155.442020072023 20.0404567356279),5abc9da8-797a-425f-b3ab-103695e079f9,,https://web.fulcrumapp.com/photos/view?photos=5abc9da8-797a-425f-b3ab-103695e079f9,Leaf litter,,,Wild forest,Partially Obstructed,no,,,,21.4,40,72.7,24.3,C-4774,2019-08-27,11:14,680.942820705849,8.00120827368088,8.33312892913818,0.00872738845646381,99.0197590771003
cd9faaf7-6817-45fe-a9b6-ce73a7226d57,2019-08-27 21:15:06 UTC,2019-08-27 21:16:29 UTC,stefanzdraljevic2018@u.northwestern.edu,stefanzdraljevic2018@u.northwestern.edu,2019-09-04 03:00:34 UTC,2019-09-04 03:00:34 UTC,1,,HawaiiOctober2018,,20.0404170013893,-155.442019382072,POINT (-155.442019382072 20.0404170013893),a44f2007-fe45-4e8b-b9c4-486c04934c41,,https://web.fulcrumapp.com/photos/view?photos=a44f2007-fe45-4e8b-b9c4-486c04934c41,Fruit,,,Wild forest,Partially Obstructed,no,,,,22.9,,75.6,24.3,C-4778,2019-08-27,11:15,671.925461504151,8.00120827368088,9.40149688720703,0.158408060669899,106.397087380766
7a45172f-2d70-4f8a-b5ba-27a8204855e8,2019-08-27 21:16:30 UTC,2019-08-27 21:17:14 UTC,stefanzdraljevic2018@u.northwestern.edu,stefanzdraljevic2018@u.northwestern.edu,2019-09-04 03:00:34 UTC,2019-09-04 03:00:34 UTC,1,,HawaiiOctober2018,,20.0403533906396,-155.442125832601,POINT (-155.442125832601 20.0403533906396),b89a02ae-2495-4087-969a-ad9bba6bd68e,,https://web.fulcrumapp.com/photos/view?photos=b89a02ae-2495-4087-969a-ad9bba6bd68e,Fruit,,,Wild forest,Partially Obstructed,no,,,,23,,75.6,24.3,C-4782,2019-08-27,11:16,670.125133193264,8.00120827368088,7.70581197738647,0.0075729051604867,230.895473798008
55d87939-bc29-4639-a8d2-be897fd94f34,2019-08-27 21:17:19 UTC,2019-08-27 21:18:02 UTC,stefanzdraljevic2018@u.northwestern.edu,stefanzdraljevic2018@u.northwestern.edu,2019-09-04 03:00:35 UTC,2019-09-04 03:00:35 UTC,1,,HawaiiOctober2018,,20.0403539766624,-155.442121975685,POINT (-155.442121975685 20.0403539766624),d7d75057-d8d5-4464-b9c8-68aeeedeb274,,https://web.fulcrumapp.com/photos/view?photos=d7d75057-d8d5-4464-b9c8-68aeeedeb274,Fruit,,,Wild forest,Partially Obstructed,no,,,,23.2,,77,24.3,C-4790,2019-08-27,11:17,673.880470905165,8.00120827368088,8.49474906921387,0.00488338759168983,256.558270358931
b4d50ec7-b93e-44ca-b91e-9c3657d689b0,2019-08-27 21:18:03 UTC,2019-08-27 21:19:08 UTC,stefanzdraljevic2018@u.northwestern.edu,stefanzdraljevic2018@u.northwestern.edu,2019-09-04 03:00:35 UTC,2019-09-04 03:00:35 UTC,1,,HawaiiOctober2018,,20.0403820315188,-155.442170488231,POINT (-155.442170488231 20.0403820315188),6a134bf7-f5a5-4e3d-8c4f-b15e283d5692,,https://web.fulcrumapp.com/photos/view?photos=6a134bf7-f5a5-4e3d-8c4f-b15e283d5692,Fruit,,,Wild forest,Partially Obstructed,no,,,,22.8,,77.5,24.9,C-4794,2019-08-27,11:18,669.958465485947,8.00120827368088,8.17052173614502,0.0012456732802093,238.189869944772
0888f36d-57f6-489f-a118-be4eb339de75,2019-08-27 21:19:09 UTC,2019-08-27 21:20:54 UTC,stefanzdraljevic2018@u.northwestern.edu,stefanzdraljevic2018@u.northwestern.edu,2019-09-04 03:00:35 UTC,2019-09-04 03:00:35 UTC,1,,HawaiiOctober2018,,20.0403544481104,-155.44219146412,POINT (-155.44219146412 20.0403544481104),fef0393e-8b5c-484f-b5b4-317b5ea67dca,,https://web.fulcrumapp.com/photos/view?photos=fef0393e-8b5c-484f-b5b4-317b5ea67dca,Leaf litter,,,Wild forest,Partially Obstructed,no,,,,21.6,39,75.6,24.3,C-4798,2019-08-27,11:19,667.039688659569,8.00120827368088,11.1274347305298,0.010510141029954,216.693393154909
2f5f5b87-ab3a-47fa-9f9f-193970ef4127,2019-08-27 21:21:03 UTC,2019-08-27 21:22:36 UTC,stefanzdraljevic2018@u.northwestern.edu,stefanzdraljevic2018@u.northwestern.edu,2019-09-04 03:00:36 UTC,2019-09-04 03:00:36 UTC,1,,HawaiiOctober2018,,20.0403206100255,-155.442125517862,POINT (-155.442125517862 20.0403206100255),2a7fa681-8439-42c7-925c-73e963aed598,,https://web.fulcrumapp.com/photos/view?photos=2a7fa681-8439-42c7-925c-73e963aed598,Leaf litter,,,Wild forest,Partially Obstructed,no,,,,22.5,,72.2,24.9,C-4743,2019-08-27,11:21,670.886248957754,6.00090620526066,8.78356742858887,0.0100916745141149,230.89916210016
bbf14955-fbb6-4fa6-9207-790a563ed0c8,2019-08-27 21:25:22 UTC,2019-08-27 21:26:18 UTC,stefanzdraljevic2018@u.northwestern.edu,stefanzdraljevic2018@u.northwestern.edu,2019-09-04 03:00:36 UTC,2019-09-04 03:00:36 UTC,1,,HawaiiOctober2018,,20.0403258443516,-155.44251458985,POINT (-155.44251458985 20.0403258443516),80337e73-1c6b-4d13-bf4d-ad28d3535876,,https://web.fulcrumapp.com/photos/view?photos=80337e73-1c6b-4d13-bf4d-ad28d3535876,Fruit,,,Wild forest,Partially Obstructed,no,,,,22.2,,80,26.3,C-4771,2019-08-27,11:25,666.058009364893,8.00120827368088,8.67867469787598,0.0318781957030296,261.238452582007
dea83dc8-34fe-4981-a642-c97d656a2ce2,2019-08-27 21:26:54 UTC,2019-08-27 21:27:34 UTC,stefanzdraljevic2018@u.northwestern.edu,stefanzdraljevic2018@u.northwestern.edu,2019-09-04 03:00:36 UTC,2019-09-04 03:00:36 UTC,1,,HawaiiOctober2018,,20.0403601453922,-155.442442991553,POINT (-155.442442991553 20.0403601453922),00e1a1ad-8549-4caf-80dd-4d9d13384a86,,https://web.fulcrumapp.com/photos/view?photos=00e1a1ad-8549-4caf-80dd-4d9d13384a86,Fruit,,,Wild forest,Partially Obstructed,no,,,,23.9,,70.9,25.6,C-4775,2019-08-27,11:26,665.312431895865,8.00120827368088,9.90793609619141,0.0985266640782356,170.012588215862
7a13ce40-4422-446d-9b02-f644200acb4c,2019-08-27 21:27:36 UTC,2019-08-27 21:28:38 UTC,stefanzdraljevic2018@u.northwestern.edu,stefanzdraljevic2018@u.northwestern.edu,2019-09-04 03:00:37 UTC,2019-09-04 03:00:37 UTC,1,,HawaiiOctober2018,,20.0402840876747,-155.442471851998,POINT (-155.442471851998 20.0402840876747),7dbe16ff-c61b-4e74-ad38-7e7b73647b14,,https://web.fulcrumapp.com/photos/view?photos=7dbe16ff-c61b-4e74-ad38-7e7b73647b14,Fruit,,,Wild forest,Partially Obstructed,no,,,,24.4,,74.1,24.9,C-3701,2019-08-27,11:27,673.734165822495,6.00090620526066,8.61783313751221,0.0118588982149959,140.513233417009
913a9491-597c-4d75-bac2-dde488aaeb70,2019-08-27 21:31:17 UTC,2019-08-27 21:31:56 UTC,stefanzdraljevic2018@u.northwestern.edu,stefanzdraljevic2018@u.northwestern.edu,2019-09-04 03:00:37 UTC,2019-09-04 03:00:37 UTC,1,,HawaiiOctober2018,,20.0400202279443,-155.442383256654,POINT (-155.442383256654 20.0400202279443),64a54fcd-db83-45a5-9c99-b0a67a27028f,,https://web.fulcrumapp.com/photos/view?photos=64a54fcd-db83-45a5-9c99-b0a67a27028f,Leaf litter,,,Wild forest,Partially Obstructed,no,,,,22,36,75.1,24.9,C-3713,2019-08-27,11:31,683.837568558572,6.00090620526066,8.58016681671143,0.209763959050179,172.011702623655
6c4546fd-3eb0-4ed2-bee6-68983bbf722d,2019-08-27 21:32:24 UTC,2019-08-27 21:33:04 UTC,stefanzdraljevic2018@u.northwestern.edu,stefanzdraljevic2018@u.northwestern.edu,2019-09-04 03:00:37 UTC,2019-09-04 03:00:37 UTC,1,,HawaiiOctober2018,,20.0400174275186,-155.442394758417,POINT (-155.442394758417 20.0400174275186),9c7ea08e-c755-4422-b439-f63797315eca,,https://web.fulcrumapp.com/photos/view?photos=9c7ea08e-c755-4422-b439-f63797315eca,Leaf litter,,,Wild forest,Partially Obstructed,no,,,,22.9,39,74.6,24.9,C-3697,2019-08-27,11:32,676.65238659736,8.00120827368088,9.82742023468018,0.012493809685111,284.447244136413
5a3d0357-447c-4d18-98bd-4e715ee90410,2019-08-27 21:33:05 UTC,2019-08-27 21:34:07 UTC,stefanzdraljevic2018@u.northwestern.edu,stefanzdraljevic2018@u.northwestern.edu,2019-09-04 03:00:38 UTC,2019-09-04 03:00:38 UTC,1,,HawaiiOctober2018,,20.0399954627398,-155.442426960656,POINT (-155.442426960656 20.0399954627398),5e6ca952-983d-47fd-8e06-cb3a7d7ce089,,https://web.fulcrumapp.com/photos/view?photos=5e6ca952-983d-47fd-8e06-cb3a7d7ce089,Leaf litter,,,Wild forest,Partially Obstructed,no,,,,23.5,34,76.1,25.3,C-3693,2019-08-27,11:33,677.11763334836,8.00120827368088,9.80242824554443,0.00926602073013783,292.629756120575
46fc34db-7d5a-4d90-b9ff-e8c16b22887b,2019-08-27 21:35:05 UTC,2019-08-27 21:36:22 UTC,stefanzdraljevic2018@u.northwestern.edu,stefanzdraljevic2018@u.northwestern.edu,2019-09-04 03:00:38 UTC,2019-09-04 03:00:38 UTC,1,,HawaiiOctober2018,,20.0400319390835,-155.442372563157,POINT (-155.442372563157 20.0400319390835),008b0337-7f7a-40f9-8058-e4bf069de941,,https://web.fulcrumapp.com/photos/view?photos=008b0337-7f7a-40f9-8058-e4bf069de941,Leaf litter,,,Wild forest,Obstructed,no,,,,23.7,37,75.4,25.6,C-4821,2019-08-27,11:35,675.450769808475,6.00090620526066,8.06466102600098,0.0369884259998798,351.577321261777
ff2618f5-0157-4fe2-bb41-e5af15cc7358,2019-08-27 21:39:14 UTC,2019-08-27 21:40:32 UTC,stefanzdraljevic2018@u.northwestern.edu,stefanzdraljevic2018@u.northwestern.edu,2019-09-04 03:00:38 UTC,2019-09-04 03:00:38 UTC,1,,HawaiiOctober2018,,20.0397549568985,-155.441650647795,POINT (-155.441650647795 20.0397549568985),9bd7449d-651b-4e33-aaad-643e434fd971,,https://web.fulcrumapp.com/photos/view?photos=9bd7449d-651b-4e33-aaad-643e434fd971,Fruit,,,Wild forest,Obstructed,no,,,,21.9,,78.5,24.3,C-4825,2019-08-27,11:39,658.751419370659,6.00090620526066,11.2846088409424,0.032354399561882,116.438032366386
091c3b42-5b92-4f21-b5b8-0f49fa6933be,2019-08-27 21:40:33 UTC,2019-08-27 21:42:04 UTC,stefanzdraljevic2018@u.northwestern.edu,stefanzdraljevic2018@u.northwestern.edu,2019-09-04 03:00:39 UTC,2019-09-04 03:00:39 UTC,1,,HawaiiOctober2018,,20.0397314308031,-155.44157650845,POINT (-155.44157650845 20.0397314308031),f9101b1f-8d96-43cf-9b01-a87ea7f3262f,,https://web.fulcrumapp.com/photos/view?photos=f9101b1f-8d96-43cf-9b01-a87ea7f3262f,Fruit,,,Wild forest,Partially Obstructed,no,,,,23,,80.1,24.9,C-4829,2019-08-27,11:40,654.789424511534,8.00120827368088,15.034008026123,0.0379820838570595,63.0271824909368
409ceb95-718e-4291-84c8-c837379d4a53,2019-08-27 21:42:06 UTC,2019-08-27 21:43:02 UTC,stefanzdraljevic2018@u.northwestern.edu,stefanzdraljevic2018@u.northwestern.edu,2019-09-04 03:00:39 UTC,2019-09-04 03:00:39 UTC,1,,HawaiiOctober2018,,20.0397621810406,-155.441569128958,POINT (-155.441569128958 20.0397621810406),4787cc64-a640-4ccd-91b6-4bc8c30ce7de,,https://web.fulcrumapp.com/photos/view?photos=4787cc64-a640-4ccd-91b6-4bc8c30ce7de,Fruit,,,Wild forest,Partially Obstructed,no,,,,22.1,,75.1,24.9,C-4833,2019-08-27,11:42,666.587747476739,8.00120827368088,11.1253414154053,0.000421309698140249,91.5022684614767
3428652c-ef90-4cef-a84a-ded3d4743760,2019-08-27 21:43:04 UTC,2019-08-27 21:43:50 UTC,stefanzdraljevic2018@u.northwestern.edu,stefanzdraljevic2018@u.northwestern.edu,2019-09-04 03:00:40 UTC,2019-09-04 03:00:40 UTC,1,,HawaiiOctober2018,,20.0397684784587,-155.441556845735,POINT (-155.441556845735 20.0397684784587),28f32744-3a63-4f76-90d8-ccbb66378506,,https://web.fulcrumapp.com/photos/view?photos=28f32744-3a63-4f76-90d8-ccbb66378506,Fruit,,,Wild forest,Partially Obstructed,no,,,,22.9,,73.1,24.9,C-4837,2019-08-27,11:43,652.803797335448,8.00120827368088,11.6282930374146,0.000112780042400118,75.9712993832706
1bf238ef-6f3d-445e-94c5-d3d98eb46b91,2019-08-27 21:43:51 UTC,2019-08-27 21:44:56 UTC,stefanzdraljevic2018@u.northwestern.edu,stefanzdraljevic2018@u.northwestern.edu,2019-09-04 03:00:40 UTC,2019-09-04 03:00:40 UTC,1,,HawaiiOctober2018,,20.0397755879215,-155.441511867171,POINT (-155.441511867171 20.0397755879215),2c7ec200-b394-42b1-bd1b-227d70f503b8,,https://web.fulcrumapp.com/photos/view?photos=2c7ec200-b394-42b1-bd1b-227d70f503b8,Leaf litter,,,Wild forest,Partially Obstructed,no,,,,22.3,40,72.3,24.9,C-4841,2019-08-27,11:43,661.448811833389,8.00120827368088,10.5502052307129,0.00559474295005202,34.7806244047419
a6bfab26-bfab-48a4-b4ae-6c1504b50bf5,2019-08-27 21:45:13 UTC,2019-08-27 21:46:10 UTC,stefanzdraljevic2018@u.northwestern.edu,stefanzdraljevic2018@u.northwestern.edu,2019-09-04 03:00:40 UTC,2019-09-04 03:00:40 UTC,1,,HawaiiOctober2018,,20.0397405828083,-155.441462532754,POINT (-155.441462532754 20.0397405828083),779a0da1-64bf-4d1e-88ef-4cd1bd457883,,https://web.fulcrumapp.com/photos/view?photos=779a0da1-64bf-4d1e-88ef-4cd1bd457883,Fruit,,,Wild forest,Partially Obstructed,no,,,,22.6,,83.2,24.9,C-4849,2019-08-27,11:45,671.343193497928,6.00090620526066,9.79717540740967,0.192728862166405,148.684735136229
2001c40b-b8e2-451f-8683-abee4209086d,2019-08-27 21:46:11 UTC,2019-08-27 21:46:57 UTC,stefanzdraljevic2018@u.northwestern.edu,stefanzdraljevic2018@u.northwestern.edu,2019-09-04 03:00:41 UTC,2019-09-04 03:00:41 UTC,1,,HawaiiOctober2018,,20.0397091232101,-155.441479534372,POINT (-155.441479534372 20.0397091232101),1b3a35b5-5ab0-44ba-8797-2b71402f05a9,,https://web.fulcrumapp.com/photos/view?photos=1b3a35b5-5ab0-44ba-8797-2b71402f05a9,Fruit,,,Wild forest,Partially Obstructed,no,,,,23.1,,74.1,25.6,C-4853,2019-08-27,11:46,672.48284977333,16.0024165473618,23.3938751220703,0.374855518341064,245.162591502384
1aca1166-a0ab-46fc-9b13-225068490de6,2019-08-27 21:48:37 UTC,2019-08-27 21:49:17 UTC,stefanzdraljevic2018@u.northwestern.edu,stefanzdraljevic2018@u.northwestern.edu,2019-09-04 03:00:41 UTC,2019-09-04 03:00:41 UTC,1,,HawaiiOctober2018,,20.0398988977492,-155.441589126076,POINT (-155.441589126076 20.0398988977492),787c765b-420f-4aa6-b954-84a76d6cae26,,https://web.fulcrumapp.com/photos/view?photos=787c765b-420f-4aa6-b954-84a76d6cae26,Leaf litter,,,Wild forest,Partially Obstructed,no,,,,20.7,,76.6,24.3,C-4857,2019-08-27,11:48,662.37966444704,6.00090620526066,8.52373886108398,0.056412860751152,29.568524124578
a2e776a8-41bc-4582-806c-a68b279f344f,2019-08-27 21:50:03 UTC,2019-08-27 21:51:59 UTC,stefanzdraljevic2018@u.northwestern.edu,stefanzdraljevic2018@u.northwestern.edu,2019-09-04 03:00:41 UTC,2019-09-04 03:00:41 UTC,1,,HawaiiOctober2018,,20.0397935385861,-155.441478070625,POINT (-155.441478070625 20.0397935385861),af7e04a9-f611-4bb0-b86d-bfc2e7cc570a,,https://web.fulcrumapp.com/photos/view?photos=af7e04a9-f611-4bb0-b86d-bfc2e7cc570a,Fruit,,,Wild forest,Partially Obstructed,no,,,,22,,81,24.3,C-4802,2019-08-27,11:50,641.346778988592,48.0,81.7594146728516,1.51970446109772,-1.0
66e48a1c-2b33-4cdb-86b0-16242d34ae6e,2019-08-27 21:51:59 UTC,2019-08-27 21:52:44 UTC,stefanzdraljevic2018@u.northwestern.edu,stefanzdraljevic2018@u.northwestern.edu,2019-09-04 03:00:42 UTC,2019-09-04 03:00:42 UTC,1,,HawaiiOctober2018,,20.0399087990088,-155.441387044165,POINT (-155.441387044165 20.0399087990088),ade85e71-c8f0-4b01-9a36-17a8bdddbd6d,,https://web.fulcrumapp.com/photos/view?photos=ade85e71-c8f0-4b01-9a36-17a8bdddbd6d,Fruit,,,Wild forest,Partially Obstructed,no,,,,22.9,,78.8,24.3,C-4830,2019-08-27,11:51,664.750279451044,8.00120827368088,10.3845376968384,0.0140702603384852,-1.0
fa3c0fef-b0e7-45de-b5ba-e8f4a68da13d,2019-08-27 21:53:05 UTC,2019-08-27 21:54:11 UTC,stefanzdraljevic2018@u.northwestern.edu,stefanzdraljevic2018@u.northwestern.edu,2019-09-04 03:00:42 UTC,2019-09-04 03:00:42 UTC,1,,HawaiiOctober2018,,20.0399153888083,-155.441381085638,POINT (-155.441381085638 20.0399153888083),8dab9ade-c889-4d40-b6bd-d715b40863bf,,https://web.fulcrumapp.com/photos/view?photos=8dab9ade-c889-4d40-b6bd-d715b40863bf,Leaf litter,,,Wild forest,Partially Obstructed,no,,,,22.4,40,81.4,24.3,C-4826,2019-08-27,11:53,677.321066599665,8.00120827368088,9.81476020812988,0.000255390303209424,295.440952699926
d38f749a-93e2-4a93-827c-87d3f1f1377e,2019-08-27 21:55:01 UTC,2019-08-27 21:55:57 UTC,stefanzdraljevic2018@u.northwestern.edu,stefanzdraljevic2018@u.northwestern.edu,2019-09-04 03:00:43 UTC,2019-09-04 03:00:43 UTC,1,,HawaiiOctober2018,,20.0399168969615,-155.441384256591,POINT (-155.441384256591 20.0399168969615),81aacfeb-ccb7-4d64-bccb-fdfb7b8522be,,https://web.fulcrumapp.com/photos/view?photos=81aacfeb-ccb7-4d64-bccb-fdfb7b8522be,Leaf litter,,,Wild forest,Partially Obstructed,no,,,,21.7,38,82.9,24.3,C-4834,2019-08-27,11:55,666.855976056471,8.00120827368088,9.69254779815674,0.0123373446986079,93.5104601906764
e03d12d2-4e65-430f-a222-d53e8e5fda5d,2019-08-27 21:55:58 UTC,2019-08-27 21:56:37 UTC,stefanzdraljevic2018@u.northwestern.edu,stefanzdraljevic2018@u.northwestern.edu,2019-09-04 03:00:43 UTC,2019-09-04 03:00:43 UTC,1,,HawaiiOctober2018,,20.0399160672498,-155.44138123783,POINT (-155.44138123783 20.0399160672498),e2ac27c2-cc8e-4dd3-8eb7-dfd506fc5504,,https://web.fulcrumapp.com/photos/view?photos=e2ac27c2-cc8e-4dd3-8eb7-dfd506fc5504,Fruit,,,Wild forest,Partially Obstructed,no,,,,22,,85,24.3,C-3709,2019-08-27,11:55,670.14970259725,8.00120827368088,12.1416454315186,0.00410889694467187,-1.0
65c045fa-c982-4bd6-b24b-eb36f6de6d72,2019-08-27 21:57:11 UTC,2019-08-27 21:59:42 UTC,stefanzdraljevic2018@u.northwestern.edu,stefanzdraljevic2018@u.northwestern.edu,2019-09-04 03:00:44 UTC,2019-09-04 03:00:44 UTC,1,,HawaiiOctober2018,,20.0382096027158,-155.443448089063,POINT (-155.443448089063 20.0382096027158),1b57379c-6617-4619-8399-5e759f28a5ef,,https://web.fulcrumapp.com/photos/view?photos=1b57379c-6617-4619-8399-5e759f28a5ef,Leaf litter,,,Wild forest,Partially Obstructed,no,,,,22.4,40,79.5,24.3,C-3705,2019-08-27,11:57,,,,,
5b47fe24-9ae9-45e5-b7da-3f9a4f29b9e9,2019-08-27 21:59:44 UTC,2019-08-27 22:00:48 UTC,stefanzdraljevic2018@u.northwestern.edu,stefanzdraljevic2018@u.northwestern.edu,2019-09-04 03:00:44 UTC,2019-09-04 03:00:44 UTC,1,,HawaiiOctober2018,,20.0397830173268,-155.44146857197,POINT (-155.44146857197 20.0397830173268),9fb3950a-2df6-4a02-b155-4b729e27ddc0,,https://web.fulcrumapp.com/photos/view?photos=9fb3950a-2df6-4a02-b155-4b729e27ddc0,Fruit,,,Wild forest,Partially Obstructed,no,,,,22.4,,81.4,24.3,C-4818,2019-08-27,11:59,671.68668030935,8.00120827368088,13.7661533355713,0.00395387131720781,-1.0
64595244-e29f-4867-9402-2995402c261d,2019-08-27 22:01:02 UTC,2019-08-27 22:01:44 UTC,stefanzdraljevic2018@u.northwestern.edu,stefanzdraljevic2018@u.northwestern.edu,2019-09-04 03:00:44 UTC,2019-09-04 03:00:44 UTC,1,,HawaiiOctober2018,,20.0397843801951,-155.441454467711,POINT (-155.441454467711 20.0397843801951),2e388dc0-1fe5-48a0-8619-7c620813f971,,https://web.fulcrumapp.com/photos/view?photos=2e388dc0-1fe5-48a0-8619-7c620813f971,Fruit,,,Wild forest,Partially Obstructed,no,,,,22.5,,78.9,24.3,C-4814,2019-08-27,12:01,672.12169072682,6.00090620526066,10.4817533493042,0.0457336753606796,-1.0
98e2acb0-5262-4429-99a8-cfb05fe2eb8e,2019-08-27 22:02:11 UTC,2019-08-27 22:03:12 UTC,stefanzdraljevic2018@u.northwestern.edu,stefanzdraljevic2018@u.northwestern.edu,2019-09-04 03:00:45 UTC,2019-09-04 03:00:45 UTC,1,,HawaiiOctober2018,,20.0397992510469,-155.44143640839,POINT (-155.44143640839 20.0397992510469),e37b0392-3ffd-47c5-a538-dd94a041c6a2,,https://web.fulcrumapp.com/photos/view?photos=e37b0392-3ffd-47c5-a538-dd94a041c6a2,Fruit,,,Wild forest,Partially Obstructed,no,,,,21.6,,78.8,24.3,C-4806,2019-08-27,12:02,669.104150104928,6.00090620526066,10.5225591659546,0.0231207981705666,-1.0
de86156b-20e3-422f-ab2f-c1e5c5b79cb7,2019-08-27 22:03:18 UTC,2019-08-27 22:04:10 UTC,stefanzdraljevic2018@u.northwestern.edu,stefanzdraljevic2018@u.northwestern.edu,2019-09-04 03:00:45 UTC,2019-09-04 03:00:45 UTC,1,,HawaiiOctober2018,,20.0398134151569,-155.441461701647,POINT (-155.441461701647 20.0398134151569),7ee4ce29-981f-4da9-9fc2-00edb60bd24b,,https://web.fulcrumapp.com/photos/view?photos=7ee4ce29-981f-4da9-9fc2-00edb60bd24b,Fruit,,,Wild forest,Partially Obstructed,no,,,,21.2,,78.3,24.3,C-4845,2019-08-27,12:03,668.432885603011,6.00090620526066,11.2323551177979,0.0702905654907227,-1.0
60de73ad-5c99-4972-ba22-c750acfd5b72,2019-08-27 22:04:41 UTC,2019-08-27 22:05:34 UTC,stefanzdraljevic2018@u.northwestern.edu,stefanzdraljevic2018@u.northwestern.edu,2019-09-04 03:00:46 UTC,2019-09-04 03:00:46 UTC,1,,HawaiiOctober2018,,20.0398127379176,-155.441462245678,POINT (-155.441462245678 20.0398127379176),474400f3-4939-4c95-8e14-ac58c9fb1c4b,,https://web.fulcrumapp.com/photos/view?photos=474400f3-4939-4c95-8e14-ac58c9fb1c4b,Fruit,,,Wild forest,Partially Obstructed,no,,,,21.3,,82.4,23.6,C-4822,2019-08-27,12:04,663.01294118535,6.00090620526066,10.2332973480225,0.0466521121561527,359.73447958374
cadbe35d-bb48-428c-a30a-b824e937dd77,2019-08-27 22:05:46 UTC,2019-08-27 22:06:38 UTC,stefanzdraljevic2018@u.northwestern.edu,stefanzdraljevic2018@u.northwestern.edu,2019-09-04 03:00:46 UTC,2019-09-04 03:00:46 UTC,1,,HawaiiOctober2018,,20.0398151589378,-155.441467477695,POINT (-155.441467477695 20.0398151589378),12adf36f-77c5-41c2-a3b3-c0b375a40f70,,https://web.fulcrumapp.com/photos/view?photos=12adf36f-77c5-41c2-a3b3-c0b375a40f70,Fruit,,,Wild forest,Partially Obstructed,no,,,,23.3,,78.8,24.3,C-4810,2019-08-27,12:05,662.354208310926,8.00120827368088,11.4187793731689,0.0463483445346355,-1.0
f3a19e5c-50a6-432f-94f9-eebf2b75b659,2019-08-28 19:53:02 UTC,2019-08-28 19:58:36 UTC,stefanzdraljevic2018@u.northwestern.edu,stefanzdraljevic2018@u.northwestern.edu,2019-09-04 03:00:46 UTC,2019-09-04 03:00:46 UTC,1,,HawaiiOctober2018,,19.4241836941267,-155.222035320109,POINT (-155.222035320109 19.4241836941267),c2b4cde2-5b39-491c-879e-f2264f8adb5d,,https://web.fulcrumapp.com/photos/view?photos=c2b4cde2-5b39-491c-879e-f2264f8adb5d,Leaf litter,,,Wild forest,Partially Obstructed,no,,,,19,39,72.3,23.6,C-4838,2019-08-28,09:53,1137.11542987823,6.00090620526066,3.06154012680054,0.597760856151581,105.071361323245
e42ab3a4-694a-408f-9dd5-a9b19a517987,2019-08-28 19:58:46 UTC,2019-08-28 20:00:11 UTC,stefanzdraljevic2018@u.northwestern.edu,stefanzdraljevic2018@u.northwestern.edu,2019-09-04 03:00:47 UTC,2019-09-04 03:00:47 UTC,1,,HawaiiOctober2018,,19.4242002875768,-155.221980196273,POINT (-155.221980196273 19.4242002875768),5be804b1-e38e-44f6-8fe5-093a54e9ae47,,https://web.fulcrumapp.com/photos/view?photos=5be804b1-e38e-44f6-8fe5-093a54e9ae47,Leaf litter,,,Wild forest,Partially Obstructed,no,,,,19,40,75.1,22.9,C-4842,2019-08-28,09:58,1137.11542987823,6.00090620526066,3.0,0.0923031717538834,277.802071130638
3aea8d60-5d21-4345-b87a-724209bf814e,2019-08-28 20:00:16 UTC,2019-08-28 20:01:15 UTC,stefanzdraljevic2018@u.northwestern.edu,stefanzdraljevic2018@u.northwestern.edu,2019-09-04 03:00:47 UTC,2019-09-04 03:00:47 UTC,1,,HawaiiOctober2018,,19.4241845945694,-155.221933948256,POINT (-155.221933948256 19.4241845945694),c5c18c33-6ef7-4c31-a0a4-0421978ec9de,,https://web.fulcrumapp.com/photos/view?photos=c5c18c33-6ef7-4c31-a0a4-0421978ec9de,Leaf litter,,,Wild forest,Partially Obstructed,no,,,,18.3,40,78,22.2,C-4846,2019-08-28,10:00,1137.02912098425,6.00090620526066,3.00230407714844,0.00842980202287436,8.5464022650254
aeb6947e-e942-4af6-9337-7c3c47c06242,2019-08-28 20:01:24 UTC,2019-08-28 20:02:18 UTC,stefanzdraljevic2018@u.northwestern.edu,stefanzdraljevic2018@u.northwestern.edu,2019-09-04 03:00:48 UTC,2019-09-04 03:00:48 UTC,1,,HawaiiOctober2018,,19.424162361116,-155.221903161642,POINT (-155.221903161642 19.424162361116),b79df41a-5864-4e74-a8a4-58e857e6d76a,,https://web.fulcrumapp.com/photos/view?photos=b79df41a-5864-4e74-a8a4-58e857e6d76a,Leaf litter,,,Wild forest,Partially Obstructed,no,,,,19.3,40,79.3,22.2,C-4854,2019-08-28,10:01,1136.77916157161,6.00090620526066,3.0,0.00324277416802943,-1.0
5e308020-1556-4b4f-b8bf-a95e17ef3086,2019-08-28 20:02:22 UTC,2019-08-28 20:03:12 UTC,stefanzdraljevic2018@u.northwestern.edu,stefanzdraljevic2018@u.northwestern.edu,2019-09-04 03:00:48 UTC,2019-09-04 03:00:48 UTC,1,,HawaiiOctober2018,,19.4241274680498,-155.221942908243,POINT (-155.221942908243 19.4241274680498),cd38f19c-66b4-4370-9ee9-087e0ed5381a,,https://web.fulcrumapp.com/photos/view?photos=cd38f19c-66b4-4370-9ee9-087e0ed5381a,Leaf litter,,,Wild forest,Partially Obstructed,no,,,,19.3,40,81,22.2,C-4850,2019-08-28,10:02,1137.10413894713,6.00090620526066,3.0,0.0211113858968019,231.081500830243
b23c3b62-afba-4b2d-ba90-d0f48e2525a5,2019-08-28 20:03:14 UTC,2019-08-28 20:04:10 UTC,stefanzdraljevic2018@u.northwestern.edu,stefanzdraljevic2018@u.northwestern.edu,2019-09-04 03:00:48 UTC,2019-09-04 03:00:48 UTC,1,,HawaiiOctober2018,,19.4240827422021,-155.221951076475,POINT (-155.221951076475 19.4240827422021),cbaecf78-2bb7-4bfd-b659-739057a98c5b,,https://web.fulcrumapp.com/photos/view?photos=cbaecf78-2bb7-4bfd-b659-739057a98c5b,Leaf litter,,,Wild forest,Partially Obstructed,no,,,,18.3,40,81.9,22.2,C-4858,2019-08-28,10:03,1137.11542987823,8.00120827368088,3.0,0.023252384737134,-1.0
a569637d-90a4-47d6-9c38-d229447d2689,2019-08-28 20:04:16 UTC,2019-08-28 20:05:44 UTC,stefanzdraljevic2018@u.northwestern.edu,stefanzdraljevic2018@u.northwestern.edu,2019-09-04 03:00:49 UTC,2019-09-04 03:00:49 UTC,1,,HawaiiOctober2018,,19.4240795573531,-155.221949164255,POINT (-155.221949164255 19.4240795573531),3fcca6d7-dae9-46a2-8225-6822caca1c33,,https://web.fulcrumapp.com/photos/view?photos=3fcca6d7-dae9-46a2-8225-6822caca1c33,Leaf litter,,,Wild forest,Partially Obstructed,no,,,,18.6,40,82.9,21.5,C-4803,2019-08-28,10:04,1137.11542987823,6.00090620526066,3.0,0.0105211902409792,-1.0
12cb6be8-fa3f-452c-bb59-c31f10bc91fd,2019-08-28 20:05:49 UTC,2019-08-28 20:06:29 UTC,stefanzdraljevic2018@u.northwestern.edu,stefanzdraljevic2018@u.northwestern.edu,2019-09-04 03:00:49 UTC,2019-09-04 03:00:49 UTC,1,,HawaiiOctober2018,,19.4241010907393,-155.221981516036,POINT (-155.221981516036 19.4241010907393),0ccde1fe-ece9-4cb2-9fa4-9063f4d392ec,,https://web.fulcrumapp.com/photos/view?photos=0ccde1fe-ece9-4cb2-9fa4-9063f4d392ec,Leaf litter,,,Wild forest,Partially Obstructed,no,,,,18.4,40,80,21.5,C-4807,2019-08-28,10:05,1137.11542987823,6.00090620526066,3.0,0.12183640897274,-1.0
adcdf668-6d32-474c-a2b5-e5fa06cd9628,2019-08-28 20:06:37 UTC,2019-08-28 20:07:27 UTC,stefanzdraljevic2018@u.northwestern.edu,stefanzdraljevic2018@u.northwestern.edu,2019-09-04 03:00:50 UTC,2019-09-04 03:00:50 UTC,1,,HawaiiOctober2018,,19.4241225396188,-155.221994502872,POINT (-155.221994502872 19.4241225396188),300a6feb-f3df-42df-b03d-dba7921676c8,,https://web.fulcrumapp.com/photos/view?photos=300a6feb-f3df-42df-b03d-dba7921676c8,Leaf litter,,,Wild forest,Partially Obstructed,no,,,,19,41,78.3,21.5,C-4811,2019-08-28,10:06,1137.11542987823,6.00090620526066,3.0,0.0111577361822128,-1.0
edc4dd79-7fc6-42dd-8d2d-15dbc1c26669,2019-08-28 20:07:28 UTC,2019-08-28 20:08:32 UTC,stefanzdraljevic2018@u.northwestern.edu,stefanzdraljevic2018@u.northwestern.edu,2019-09-04 03:00:50 UTC,2019-09-04 03:00:50 UTC,1,,HawaiiOctober2018,,19.4241265715551,-155.222024835284,POINT (-155.222024835284 19.4241265715551),e4ddf06a-5780-46e0-9026-ffb3ae7922c2,,https://web.fulcrumapp.com/photos/view?photos=e4ddf06a-5780-46e0-9026-ffb3ae7922c2,Leaf litter,,,Wild forest,Partially Obstructed,no,,,,19.3,40,79,22.2,C-4815,2019-08-28,10:07,1137.11542987823,6.00090620526066,3.0,0.00717783626168966,-1.0
e607afc1-b97c-4b0d-a9cc-e808023ffe9b,2019-08-28 20:08:38 UTC,2019-08-28 20:09:20 UTC,stefanzdraljevic2018@u.northwestern.edu,stefanzdraljevic2018@u.northwestern.edu,2019-09-04 03:00:50 UTC,2019-09-04 03:00:50 UTC,1,,HawaiiOctober2018,,19.4241321148906,-155.222048015757,POINT (-155.222048015757 19.4241321148906),c1c2b0b3-1294-4568-93cc-d82e2e48a24e,,https://web.fulcrumapp.com/photos/view?photos=c1c2b0b3-1294-4568-93cc-d82e2e48a24e,Leaf litter,,,Wild forest,Partially Obstructed,no,,,,18.9,39,75.8,21.5,C-4819,2019-08-28,10:08,1137.11542987823,6.00090620526066,3.0,0.000762381474487484,-1.0
c2d12129-266b-442c-8cd5-8da65405d844,2019-08-28 20:09:26 UTC,2019-08-28 20:10:08 UTC,stefanzdraljevic2018@u.northwestern.edu,stefanzdraljevic2018@u.northwestern.edu,2019-09-04 03:00:51 UTC,2019-09-04 03:00:51 UTC,1,,HawaiiOctober2018,,19.4241402841793,-155.222055055681,POINT (-155.222055055681 19.4241402841793),4a82d373-ee35-489f-add6-8848ddfad12f,,https://web.fulcrumapp.com/photos/view?photos=4a82d373-ee35-489f-add6-8848ddfad12f,Leaf litter,,,Wild forest,Partially Obstructed,no,,,,19,40,76.3,21.5,C-4823,2019-08-28,10:09,1137.11542987823,6.00090620526066,3.0,0.00364947342313826,-1.0
4475cdc7-d581-49ff-8bca-97ba92dcfb43,2019-08-28 20:10:10 UTC,2019-08-28 20:11:12 UTC,stefanzdraljevic2018@u.northwestern.edu,stefanzdraljevic2018@u.northwestern.edu,2019-09-04 03:00:51 UTC,2019-09-04 03:00:51 UTC,1,,HawaiiOctober2018,,19.4241317150322,-155.222079151238,POINT (-155.222079151238 19.4241317150322),892e609e-51a5-42d1-92c6-8c32fb0f3eab,,https://web.fulcrumapp.com/photos/view?photos=892e609e-51a5-42d1-92c6-8c32fb0f3eab,Leaf litter,,,Wild forest,Partially Obstructed,no,,,,18.9,40,77.5,21.5,C-4827,2019-08-28,10:10,1137.11542987823,6.00090620526066,3.0,0.0239742267876863,-1.0
df9b92f9-9d14-4269-89e9-350534d76ca3,2019-08-28 20:11:13 UTC,2019-08-28 20:11:55 UTC,stefanzdraljevic2018@u.northwestern.edu,stefanzdraljevic2018@u.northwestern.edu,2019-09-04 03:00:51 UTC,2019-09-04 03:00:51 UTC,1,,HawaiiOctober2018,,19.4241216217578,-155.222102442848,POINT (-155.222102442848 19.4241216217578),54d6a496-98d2-4890-9dca-d2b6e23d9399,,https://web.fulcrumapp.com/photos/view?photos=54d6a496-98d2-4890-9dca-d2b6e23d9399,Leaf litter,,,Wild forest,Partially Obstructed,no,,,,19.2,40,77.4,21.5,C-4831,2019-08-28,10:11,1137.11542987823,6.00090620526066,3.0,0.0137649588286877,-1.0
752a7790-1787-4759-af67-68b07552df5f,2019-08-28 20:11:59 UTC,2019-08-28 20:12:40 UTC,stefanzdraljevic2018@u.northwestern.edu,stefanzdraljevic2018@u.northwestern.edu,2019-09-04 03:00:52 UTC,2019-09-04 03:00:52 UTC,1,,HawaiiOctober2018,,19.4240915441525,-155.222103163333,POINT (-155.222103163333 19.4240915441525),60bb0582-7794-4c13-9049-fd6786b78d7e,,https://web.fulcrumapp.com/photos/view?photos=60bb0582-7794-4c13-9049-fd6786b78d7e,Leaf litter,,,Wild forest,Partially Obstructed,no,,,,20,40,77.5,21.5,C-4835,2019-08-28,10:11,1137.11542987823,6.00090620526066,3.0,0.00215745554305613,330.441492120469
25271f6b-4af9-466e-bab5-0c455d916b16,2019-08-28 20:12:41 UTC,2019-08-28 20:14:02 UTC,stefanzdraljevic2018@u.northwestern.edu,stefanzdraljevic2018@u.northwestern.edu,2019-09-04 03:00:52 UTC,2019-09-04 03:00:52 UTC,1,,HawaiiOctober2018,,19.4240705456696,-155.222093749285,POINT (-155.222093749285 19.4240705456696),96fd186c-f36a-49d9-ba6e-10a99aa61d28,,https://web.fulcrumapp.com/photos/view?photos=96fd186c-f36a-49d9-ba6e-10a99aa61d28,Leaf litter,,,Wild forest,Partially Obstructed,no,,,,18.9,41,79,21.5,C-4839,2019-08-28,10:12,1137.11542987823,6.00090620526066,3.0,0.0249217394739389,255.362058348451
8ff3f42d-02b1-4057-8469-3b06f39f6e0d,2019-08-28 20:14:04 UTC,2019-08-28 20:14:53 UTC,stefanzdraljevic2018@u.northwestern.edu,stefanzdraljevic2018@u.northwestern.edu,2019-09-04 03:00:52 UTC,2019-09-04 03:00:52 UTC,1,,HawaiiOctober2018,,19.4240125886993,-155.222139687418,POINT (-155.222139687418 19.4240125886993),68525445-fb46-411f-bb4e-ea87603c198e,,https://web.fulcrumapp.com/photos/view?photos=68525445-fb46-411f-bb4e-ea87603c198e,Leaf litter,,,Wild forest,Partially Obstructed,no,,,,19.3,39,79.5,21.5,C-4816,2019-08-28,10:14,1137.11542987823,6.00090620526066,3.0,0.0117760971188545,20.0495712236345
242b64b8-dc45-443a-80a7-4c59fcb5534d,2019-08-28 20:14:58 UTC,2019-08-28 20:15:55 UTC,stefanzdraljevic2018@u.northwestern.edu,stefanzdraljevic2018@u.northwestern.edu,2019-09-04 03:00:53 UTC,2019-09-04 03:00:53 UTC,1,,HawaiiOctober2018,,19.4240222547329,-155.222141183429,POINT (-155.222141183429 19.4240222547329),ae438723-319c-421f-a9da-63094868a90a,,https://web.fulcrumapp.com/photos/view?photos=ae438723-319c-421f-a9da-63094868a90a,Leaf litter,,,Wild forest,Partially Obstructed,no,,,,19.1,40,79.5,22.2,C-4812,2019-08-28,10:14,1137.11542987823,6.00090620526066,3.0,0.00649302266538143,31.9493743899882
f00c8f5b-d8e6-4110-8f01-2631561d6caf,2019-08-28 20:16:04 UTC,2019-08-28 20:16:41 UTC,stefanzdraljevic2018@u.northwestern.edu,stefanzdraljevic2018@u.northwestern.edu,2019-09-04 03:00:53 UTC,2019-09-04 03:00:53 UTC,1,,HawaiiOctober2018,,19.4240089508966,-155.222175381205,POINT (-155.222175381205 19.4240089508966),04cd2fef-987a-463f-b015-ff4208408b07,,https://web.fulcrumapp.com/photos/view?photos=04cd2fef-987a-463f-b015-ff4208408b07,Leaf litter,,,Wild forest,Partially Obstructed,no,,,,19,40,80,22.2,C-4804,2019-08-28,10:16,1137.11542987823,6.00090620526066,3.0,0.00496490765362978,334.467670070138
ff42a631-5061-4167-82ec-451ec5fede97,2019-08-28 20:16:43 UTC,2019-08-28 20:17:38 UTC,stefanzdraljevic2018@u.northwestern.edu,stefanzdraljevic2018@u.northwestern.edu,2019-09-04 03:00:54 UTC,2019-09-04 03:00:54 UTC,1,,HawaiiOctober2018,,19.4239999133676,-155.222187454842,POINT (-155.222187454842 19.4239999133676),15bcff59-fe31-4b8f-b94d-a83475d3c763,,https://web.fulcrumapp.com/photos/view?photos=15bcff59-fe31-4b8f-b94d-a83475d3c763,Leaf litter,,,Wild forest,Partially Obstructed,no,,,,19.3,40,78.8,22.2,C-4808,2019-08-28,10:16,1137.11542987823,8.00120827368088,3.02635526657104,0.0520536191761494,329.319647209673
bf636aa3-f2bb-4778-a764-e8bc91a8733f,2019-08-28 20:17:41 UTC,2019-08-28 20:18:32 UTC,stefanzdraljevic2018@u.northwestern.edu,stefanzdraljevic2018@u.northwestern.edu,2019-09-04 03:00:54 UTC,2019-09-04 03:00:54 UTC,1,,HawaiiOctober2018,,19.4239781785152,-155.222231368334,POINT (-155.222231368334 19.4239781785152),46cc9873-2978-4438-999b-7edcf80cca08,,https://web.fulcrumapp.com/photos/view?photos=46cc9873-2978-4438-999b-7edcf80cca08,Leaf litter,,,Wild forest,Partially Obstructed,no,,,,19.8,40,78.5,22.2,C-4843,2019-08-28,10:17,1137.17458075754,6.00090620526066,3.0,0.00883626658469439,312.159862429526
cfa40700-9778-4fc1-bbbd-95fc6de3a79a,2019-08-28 20:18:40 UTC,2019-08-28 20:19:29 UTC,stefanzdraljevic2018@u.northwestern.edu,stefanzdraljevic2018@u.northwestern.edu,2019-09-04 03:00:54 UTC,2019-09-04 03:00:54 UTC,1,,HawaiiOctober2018,,19.4239647804141,-155.222255842995,POINT (-155.222255842995 19.4239647804141),971b2247-c5d8-492a-adf8-50ec1629095c,,https://web.fulcrumapp.com/photos/view?photos=971b2247-c5d8-492a-adf8-50ec1629095c,Leaf litter,,,Wild forest,Partially Obstructed,no,,,,18.9,39,78,22.2,C-4847,2019-08-28,10:18,1137.39173894981,6.00090620526066,3.0,0.176727592945099,327.055275575273
42886324-20a1-480f-bf0f-e25b3280effb,2019-08-28 20:19:31 UTC,2019-08-28 20:21:00 UTC,stefanzdraljevic2018@u.northwestern.edu,stefanzdraljevic2018@u.northwestern.edu,2019-09-04 03:00:55 UTC,2019-09-04 03:00:55 UTC,1,,HawaiiOctober2018,,19.4239662967712,-155.222312473299,POINT (-155.222312473299 19.4239662967712),f1a9781a-be0d-4504-b34d-8924d0c1ae00,,https://web.fulcrumapp.com/photos/view?photos=f1a9781a-be0d-4504-b34d-8924d0c1ae00,Leaf litter,,,Wild forest,Partially Obstructed,no,,,,19,40,77.2,21.5,C-4851,2019-08-28,10:19,1137.82841128142,6.00090620526066,3.0,0.0218287911266088,259.526452006165
650ef5a8-a81c-4781-a690-dca92fed4e11,2019-08-28 20:21:01 UTC,2019-08-28 20:21:45 UTC,stefanzdraljevic2018@u.northwestern.edu,stefanzdraljevic2018@u.northwestern.edu,2019-09-04 03:00:55 UTC,2019-09-04 03:00:55 UTC,1,,HawaiiOctober2018,,19.4239929467684,-155.222275919984,POINT (-155.222275919984 19.4239929467684),e47ef589-284f-4353-b421-4d852b8e236c,,https://web.fulcrumapp.com/photos/view?photos=e47ef589-284f-4353-b421-4d852b8e236c,Leaf litter,,,Wild forest,Partially Obstructed,no,,,,18.4,40,79.2,22.2,C-4855,2019-08-28,10:21,1137.54461554662,6.00090620526066,3.0,0.00102940027136356,304.903742662872
3a54ac6a-60a7-434c-adad-51b2f3e0a756,2019-08-28 20:22:39 UTC,2019-08-28 20:23:35 UTC,stefanzdraljevic2018@u.northwestern.edu,stefanzdraljevic2018@u.northwestern.edu,2019-09-04 03:00:56 UTC,2019-09-04 03:00:56 UTC,1,,HawaiiOctober2018,,19.4240751948528,-155.222455018799,POINT (-155.222455018799 19.4240751948528),078f5b0d-c740-4012-81fd-ff3260e69ecb,,https://web.fulcrumapp.com/photos/view?photos=078f5b0d-c740-4012-81fd-ff3260e69ecb,Leaf litter,,,Rural garden,Partially Obstructed,no,,,,19.6,40,74.1,22.2,C-4859,2019-08-28,10:22,1138.97547167398,6.00090620526066,3.0,0.0158888045698404,233.247162570757
d8731e03-de51-4254-996e-9772a24735d2,2019-08-28 20:23:58 UTC,2019-08-28 20:24:31 UTC,stefanzdraljevic2018@u.northwestern.edu,stefanzdraljevic2018@u.northwestern.edu,2019-09-04 03:00:56 UTC,2019-09-04 03:00:56 UTC,1,,HawaiiOctober2018,,19.4240953088017,-155.222457512577,POINT (-155.222457512577 19.4240953088017),75d6b673-f3f1-4d28-87ef-3604fa4190e0,,https://web.fulcrumapp.com/photos/view?photos=75d6b673-f3f1-4d28-87ef-3604fa4190e0,Leaf litter,,,Rural garden,Partially Obstructed,no,,,,19.3,40,76.4,22.9,C-4933,2019-08-28,10:23,1139.00205132064,6.00090620526066,3.0,0.0193986166268587,193.390222046551
ee830e13-2cef-4b8c-8262-dbd6cbe144a6,2019-08-28 20:24:32 UTC,2019-08-28 20:25:12 UTC,stefanzdraljevic2018@u.northwestern.edu,stefanzdraljevic2018@u.northwestern.edu,2019-09-04 03:00:56 UTC,2019-09-04 03:00:56 UTC,1,,HawaiiOctober2018,,19.4240873149253,-155.222450442245,POINT (-155.222450442245 19.4240873149253),eb849e20-6fcd-4385-9b6b-000ac036eaaa,,https://web.fulcrumapp.com/photos/view?photos=eb849e20-6fcd-4385-9b6b-000ac036eaaa,Leaf litter,,,Rural garden,Partially Obstructed,no,,,,19.3,40,76.8,22.9,C-4970,2019-08-28,10:24,1138.93477556789,6.00090620526066,3.0,0.00188340875320137,199.345436663129
f9ebf019-dd3e-451e-85fc-c08b3ae8efa2,2019-08-28 20:25:13 UTC,2019-08-28 20:25:47 UTC,stefanzdraljevic2018@u.northwestern.edu,stefanzdraljevic2018@u.northwestern.edu,2019-09-04 03:00:57 UTC,2019-09-04 03:00:57 UTC,1,,HawaiiOctober2018,,19.4240958100683,-155.222439951628,POINT (-155.222439951628 19.4240958100683),926b220c-b47b-42d1-8c61-5afb50d33494,,https://web.fulcrumapp.com/photos/view?photos=926b220c-b47b-42d1-8c61-5afb50d33494,Leaf litter,,,Rural garden,Partially Obstructed,no,,,,19.1,40,73.5,22.2,C-4966,2019-08-28,10:25,1138.85448690479,6.00090620526066,3.0,0.00855814572423697,184.052929979415
0212c8a8-6e37-4d3e-a869-aa53782b84b1,2019-08-28 20:26:06 UTC,2019-08-28 20:27:19 UTC,stefanzdraljevic2018@u.northwestern.edu,stefanzdraljevic2018@u.northwestern.edu,2019-09-04 03:00:57 UTC,2019-09-04 03:00:57 UTC,1,,HawaiiOctober2018,,19.4241081668374,-155.222439643448,POINT (-155.222439643448 19.4241081668374),42d8650b-346e-4a9d-851f-097cfc2a23e1,,https://web.fulcrumapp.com/photos/view?photos=42d8650b-346e-4a9d-851f-097cfc2a23e1,Leaf litter,,,Wild forest,Partially Obstructed,no,,,,20,38,71.9,22.9,C-4962,2019-08-28,10:26,1138.8095064496,6.00090620526066,3.0,0.121210619807243,239.638798954542
d111de0f-87bb-4c44-a34e-f45eb1701700,2019-08-28 20:27:21 UTC,2019-08-28 20:28:36 UTC,stefanzdraljevic2018@u.northwestern.edu,stefanzdraljevic2018@u.northwestern.edu,2019-09-04 03:00:57 UTC,2019-09-04 03:00:57 UTC,1,,HawaiiOctober2018,,19.4241652015603,-155.222499766542,POINT (-155.222499766542 19.4241652015603),b0798979-8269-4eeb-99c2-768ed6fa4ec7,,https://web.fulcrumapp.com/photos/view?photos=b0798979-8269-4eeb-99c2-768ed6fa4ec7,Leaf litter,,,Wild forest,Partially Obstructed,no,,,,19.1,40,77.1,22.2,C-4958,2019-08-28,10:27,1139.31914431974,8.00120827368088,3.00490069389343,0.0338109917938709,52.3218547594661
51203e0e-8397-487e-a87a-dca438dcac4e,2019-08-28 20:28:40 UTC,2019-08-28 20:29:48 UTC,stefanzdraljevic2018@u.northwestern.edu,stefanzdraljevic2018@u.northwestern.edu,2019-09-04 03:00:58 UTC,2019-09-04 03:00:58 UTC,1,,HawaiiOctober2018,,19.4242834678034,-155.22249304595,POINT (-155.22249304595 19.4242834678034),1538314c-f31e-4671-92a2-aceaad11e5b0,,https://web.fulcrumapp.com/photos/view?photos=1538314c-f31e-4671-92a2-aceaad11e5b0,Leaf litter,,,Wild forest,Partially Obstructed,no,,,,19.1,39,77.1,22.2,C-4954,2019-08-28,10:28,1139.28563123784,6.00090620526066,3.0,0.0568853504955769,8.8198736478826
af8ee53c-e3a7-469a-9fde-102c3cb40165,2019-08-28 20:29:49 UTC,2019-08-28 20:32:37 UTC,stefanzdraljevic2018@u.northwestern.edu,stefanzdraljevic2018@u.northwestern.edu,2019-09-04 03:00:58 UTC,2019-09-04 03:00:58 UTC,1,,HawaiiOctober2018,,19.4242778801863,-155.222421092637,POINT (-155.222421092637 19.4242778801863),b50f1168-1aff-4ac6-a256-f91e2a5411ad,,https://web.fulcrumapp.com/photos/view?photos=b50f1168-1aff-4ac6-a256-f91e2a5411ad,Leaf litter,,,Wild forest,Partially Obstructed,no,,,,19.7,40,73.1,22.2,C-4950,2019-08-28,10:29,1138.69534657746,6.00090620526066,3.0,0.0110226450487971,59.8049997688483
38e3af8f-7990-49c8-bb11-e517cbcf4ea0,2019-08-28 20:32:44 UTC,2019-08-28 20:35:23 UTC,stefanzdraljevic2018@u.northwestern.edu,stefanzdraljevic2018@u.northwestern.edu,2019-09-04 03:00:59 UTC,2019-09-04 03:00:59 UTC,1,,HawaiiOctober2018,,19.4242824609462,-155.22238393558,POINT (-155.22238393558 19.4242824609462),36a7818c-edca-4c8e-af2e-e8338c9e5218,,https://web.fulcrumapp.com/photos/view?photos=36a7818c-edca-4c8e-af2e-e8338c9e5218,Compost,,,Rural garden,Full,no,,,,21.3,,67.2,24.9,C-4946,2019-08-28,10:32,1138.40848131334,8.00120827368088,3.0,0.0598121322691441,33.355881094823
1f38cb3f-cbe6-49b8-b685-63bb96dfa31f,2019-08-28 20:35:28 UTC,2019-08-28 20:36:12 UTC,stefanzdraljevic2018@u.northwestern.edu,stefanzdraljevic2018@u.northwestern.edu,2019-09-04 03:00:59 UTC,2019-09-04 03:00:59 UTC,1,,HawaiiOctober2018,,19.4243772119217,-155.221983711822,POINT (-155.221983711822 19.4243772119217),23d79146-2048-419c-ad90-94cdda8f84fb,,https://web.fulcrumapp.com/photos/view?photos=23d79146-2048-419c-ad90-94cdda8f84fb,Compost,,,Rural garden,Full,no,,,,20.9,,72.2,24.3,C-4942,2019-08-28,10:35,1137.11542987823,6.00090620526066,3.0,0.00611440930515528,87.6825261492821
72efbedc-8e64-462e-a8c7-35e026e78c23,2019-08-28 20:36:17 UTC,2019-08-28 20:37:31 UTC,stefanzdraljevic2018@u.northwestern.edu,stefanzdraljevic2018@u.northwestern.edu,2019-09-04 03:00:59 UTC,2019-09-04 03:00:59 UTC,1,,HawaiiOctober2018,,19.4243620804761,-155.221963529228,POINT (-155.221963529228 19.4243620804761),"a1ab41ce-8ff4-4597-8ab8-f521df83f8a1,9cb2d844-8b96-4cb8-9d23-c94166d5963f",",",https://web.fulcrumapp.com/photos/view?photos=a1ab41ce-8ff4-4597-8ab8-f521df83f8a1%2C9cb2d844-8b96-4cb8-9d23-c94166d5963f,Compost,,,Rural garden,Full,no,,,,,,,,C-4938,2019-08-28,10:36,1137.11542987823,6.00090620526066,3.0,0.000562325527425855,97.4444442469286
9546fd8b-7bd4-433f-bde6-3e0d1fabb015,2019-08-28 20:37:35 UTC,2019-08-28 20:38:26 UTC,stefanzdraljevic2018@u.northwestern.edu,stefanzdraljevic2018@u.northwestern.edu,2019-09-04 03:01:00 UTC,2019-09-04 03:01:00 UTC,1,,HawaiiOctober2018,,19.4243844325027,-155.221969759097,POINT (-155.221969759097 19.4243844325027),718ec152-0a99-4b6b-8de2-38ca182197bf,,https://web.fulcrumapp.com/photos/view?photos=718ec152-0a99-4b6b-8de2-38ca182197bf,Compost,,,Rural garden,Full,no,,,,19.1,,72.7,23.6,C-4934,2019-08-28,10:37,1137.11542987823,6.00090620526066,3.0,0.102842219173908,166.610484650657
4cf16944-3d04-4049-996c-4d7bff62b044,2019-08-28 20:38:27 UTC,2019-08-28 20:39:37 UTC,stefanzdraljevic2018@u.northwestern.edu,stefanzdraljevic2018@u.northwestern.edu,2019-09-04 03:01:00 UTC,2019-09-04 03:01:00 UTC,1,,HawaiiOctober2018,,19.424379344532,-155.221970691938,POINT (-155.221970691938 19.424379344532),1eb8560d-6658-4848-94f8-86b516ad38c6,,https://web.fulcrumapp.com/photos/view?photos=1eb8560d-6658-4848-94f8-86b516ad38c6,Leaf litter,,,Wild forest,Full,no,,,,20.4,40,75,23.6,C-4930,2019-08-28,10:38,1137.11542987823,6.00090620526066,3.0,0.00971060991287231,155.501714720387
f79b47f5-23f0-45a8-a54e-46301ef6d607,2019-08-28 20:39:40 UTC,2019-08-28 20:40:21 UTC,stefanzdraljevic2018@u.northwestern.edu,stefanzdraljevic2018@u.northwestern.edu,2019-09-04 03:01:01 UTC,2019-09-04 03:01:01 UTC,1,,HawaiiOctober2018,,19.4243733178479,-155.221925245912,POINT (-155.221925245912 19.4243733178479),c49507fc-f594-4b5a-a722-3983d8a8a3b4,,https://web.fulcrumapp.com/photos/view?photos=c49507fc-f594-4b5a-a722-3983d8a8a3b4,Leaf litter,,,Wild forest,Full,no,,,,21.2,38,77.4,23.6,C-4926,2019-08-28,10:39,1136.98437397003,6.00090620526066,3.0,0.0406437627971172,144.280410593351
ebd739cc-47c3-4e60-bc4f-91be6a683517,2019-08-28 20:41:45 UTC,2019-08-28 20:42:14 UTC,stefanzdraljevic2018@u.northwestern.edu,stefanzdraljevic2018@u.northwestern.edu,2019-09-04 03:01:01 UTC,2019-09-04 03:01:01 UTC,1,,HawaiiOctober2018,,19.4243515725002,-155.22186357691,POINT (-155.22186357691 19.4243515725002),6fdb7156-72a6-421c-85c5-16c89ea91498,,https://web.fulcrumapp.com/photos/view?photos=6fdb7156-72a6-421c-85c5-16c89ea91498,Leaf litter,,,Wild forest,Full,no,,,,20.5,39,74.1,23.6,C-4977,2019-08-28,10:41,1136.48106158495,6.00090620526066,3.0,0.0347428172826767,125.562208871039
ad903809-acc1-4a42-99bc-489a0295623b,2019-08-28 20:43:24 UTC,2019-08-28 20:44:15 UTC,stefanzdraljevic2018@u.northwestern.edu,stefanzdraljevic2018@u.northwestern.edu,2019-09-04 03:01:01 UTC,2019-09-04 03:01:01 UTC,1,,HawaiiOctober2018,,19.4242655471662,-155.221830178585,POINT (-155.221830178585 19.4242655471662),371c133c-82c3-4a94-b65c-1180ad404bbf,,https://web.fulcrumapp.com/photos/view?photos=371c133c-82c3-4a94-b65c-1180ad404bbf,Leaf litter,,,Wild forest,Full,no,,,,20.9,40,74.8,23.6,C-4922,2019-08-28,10:43,1136.20829259139,6.00090620526066,3.0,0.0137452436611056,120.646617348029
44f21232-36f5-4678-9f18-91aee2687964,2019-08-28 20:45:04 UTC,2019-08-28 20:45:44 UTC,stefanzdraljevic2018@u.northwestern.edu,stefanzdraljevic2018@u.northwestern.edu,2019-09-04 03:01:02 UTC,2019-09-04 03:01:02 UTC,1,,HawaiiOctober2018,,19.4242300543609,-155.221875409783,POINT (-155.221875409783 19.4242300543609),a14bef8d-039f-4b6b-97c6-9733263bfb35,,https://web.fulcrumapp.com/photos/view?photos=a14bef8d-039f-4b6b-97c6-9733263bfb35,Leaf litter,,,Wild forest,Full,no,,,,19.9,40,78.2,23.6,C-4973,2019-08-28,10:45,1136.56773709819,6.00090620526066,3.0,0.000942421203944832,114.042671364084
54efaf1e-2108-470a-847a-a4414a5fafa7,2019-08-28 20:45:45 UTC,2019-08-28 20:46:34 UTC,stefanzdraljevic2018@u.northwestern.edu,stefanzdraljevic2018@u.northwestern.edu,2019-09-04 03:01:02 UTC,2019-09-04 03:01:02 UTC,1,,HawaiiOctober2018,,19.4242281347057,-155.221882529505,POINT (-155.221882529505 19.4242281347057),8e5d421a-e578-415d-b429-c3c344dffb9e,,https://web.fulcrumapp.com/photos/view?photos=8e5d421a-e578-415d-b429-c3c344dffb9e,Leaf litter,,,Wild forest,Full,no,,,,19.9,40,78,23.6,C-4969,2019-08-28,10:45,1136.62547110327,8.00120827368088,3.0,0.00940584018826485,140.146520560471
873f071c-31d9-4fe6-8467-12e410e401dc,2019-08-28 20:46:54 UTC,2019-08-28 20:48:20 UTC,stefanzdraljevic2018@u.northwestern.edu,stefanzdraljevic2018@u.northwestern.edu,2019-09-04 03:01:03 UTC,2019-09-04 03:01:03 UTC,1,,HawaiiOctober2018,,19.424153950651,-155.221891296568,POINT (-155.221891296568 19.424153950651),273ddf7c-eaee-4491-81b3-f5abb74aca5b,,https://web.fulcrumapp.com/photos/view?photos=273ddf7c-eaee-4491-81b3-f5abb74aca5b,Leaf litter,,,Wild forest,Full,no,,,,,,78,23.6,C-4965,2019-08-28,10:46,1136.69666982553,6.00090620526066,3.0,0.0315605103969574,155.099758087731
946f0165-8619-4d14-a90d-bd5e50b671d8,2019-08-28 20:48:40 UTC,2019-08-28 20:50:50 UTC,stefanzdraljevic2018@u.northwestern.edu,stefanzdraljevic2018@u.northwestern.edu,2019-09-04 03:01:03 UTC,2019-09-04 03:01:03 UTC,1,,HawaiiOctober2018,,19.4241862340743,-155.221905708366,POINT (-155.221905708366 19.4241862340743),288e5aa4-0508-4490-b092-db21433f912a,,https://web.fulcrumapp.com/photos/view?photos=288e5aa4-0508-4490-b092-db21433f912a,Leaf litter,,,Wild forest,Full,no,,,,20.4,40,76.4,23.6,C-4961,2019-08-28,10:48,1136.81920133748,6.00090620526066,3.0,0.0850443691015244,99.0209748507726
fb331ded-5eac-4f86-a9dd-7cdea207f375,2019-08-28 21:59:05 UTC,2019-08-28 22:00:25 UTC,stefanzdraljevic2018@u.northwestern.edu,stefanzdraljevic2018@u.northwestern.edu,2019-09-04 03:01:03 UTC,2019-09-04 03:01:03 UTC,1,,HawaiiOctober2018,,19.4415689243958,-155.184388872063,POINT (-155.184388872063 19.4415689243958),069cf71c-6555-44c4-95ff-32c81b857bf9,,https://web.fulcrumapp.com/photos/view?photos=069cf71c-6555-44c4-95ff-32c81b857bf9,Leaf litter,,,Wild forest,Partially Obstructed,no,,,,22.7,41,79.1,25.6,C-4937,2019-08-28,11:59,920.152953195301,12.0018124105213,45.5367469787598,0.130651146173477,-1.0
1c24983c-36a3-49a0-a3ea-1ef463e4f423,2019-08-28 22:01:19 UTC,2019-08-28 22:02:28 UTC,stefanzdraljevic2018@u.northwestern.edu,stefanzdraljevic2018@u.northwestern.edu,2019-09-04 03:01:04 UTC,2019-09-04 03:01:04 UTC,1,,HawaiiOctober2018,,19.4416414465307,-155.184117483604,POINT (-155.184117483604 19.4416414465307),970d7af4-b358-4e76-a40b-a8f33a46d644,,https://web.fulcrumapp.com/photos/view?photos=970d7af4-b358-4e76-a40b-a8f33a46d644,Leaf litter,,,Wild forest,Partially Obstructed,no,,,,22.6,41,76.2,29.1,C-4941,2019-08-28,12:01,924.076825141907,6.00090620526066,3.0,0.194475114345551,-1.0
51a4f8aa-ec2f-48f1-a0bc-78ece968b12c,2019-08-28 22:03:30 UTC,2019-08-28 22:05:58 UTC,stefanzdraljevic2018@u.northwestern.edu,stefanzdraljevic2018@u.northwestern.edu,2019-09-04 03:01:04 UTC,2019-09-04 03:01:04 UTC,1,,HawaiiOctober2018,,19.4416375312874,-155.184102100463,POINT (-155.184102100463 19.4416375312874),14c2c31d-78b6-4439-8520-813be0dda105,,https://web.fulcrumapp.com/photos/view?photos=14c2c31d-78b6-4439-8520-813be0dda105,Leaf litter,,,Wild forest,Partially Obstructed,no,,,,23,41,74.6,26.3,C-4949,2019-08-28,12:03,924.042035102844,6.00090620526066,3.0,0.0717219859361649,-1.0
3f98f54f-c1e6-43fc-b6cc-18d612a11f96,2019-08-28 22:06:31 UTC,2019-08-28 22:08:14 UTC,stefanzdraljevic2018@u.northwestern.edu,stefanzdraljevic2018@u.northwestern.edu,2019-09-04 03:01:05 UTC,2019-09-04 03:01:05 UTC,1,,HawaiiOctober2018,,19.441653302089,-155.184147688378,POINT (-155.184147688378 19.441653302089),f50619a3-2e0a-4cdd-a2b5-8627898a7fb8,,https://web.fulcrumapp.com/photos/view?photos=f50619a3-2e0a-4cdd-a2b5-8627898a7fb8,Leaf litter,,,Wild forest,Partially Obstructed,no,,,,22.8,41,53.7,34.6,C-4953,2019-08-28,12:06,923.915936470032,8.00120827368088,3.0,0.0497896261513233,-1.0
