fulcrum_id,fulcrum_parent_id,fulcrum_record_id,version,caption,latitude,longitude,geometry,file_size,uploaded_at,exif_date_time,exif_gps_altitude,exif_gps_date_stamp,exif_gps_time_stamp,exif_gps_dop,exif_gps_img_direction,exif_gps_img_direction_ref,exif_gps_latitude,exif_gps_latitude_ref,exif_gps_longitude,exif_gps_longitude_ref,exif_make,exif_model,exif_orientation,exif_pixel_x_dimension,exif_pixel_y_dimension,exif_software,exif_x_resolution,exif_y_resolution
0e9e2769-aad6-4436-92ae-c84152786cfd,742a136f-1fb4-436b-9897-15fbc1c2be71,742a136f-1fb4-436b-9897-15fbc1c2be71,1,,20.039730555555558,-155.4398138888889,POINT (-155.4398138888889 20.039730555555558),394465,2019-09-04 02:57:55 UTC,2019-08-27 10:38:34 UTC,647.5960559796438,2019-08-27,20:38:35,32.004833106781454,198.08355704697988,T,20.039730555555558,N,-155.4398138888889,W,Apple,iPhone 8,,810,1080,"Fulcrum iOS 2.19.7 (3837), iOS 12.4, Apple, iPhone 8",72.0,72.0
a7b75c4a-2dbd-4b74-a481-08a7bc58c593,a72c15d9-cddc-4b41-bde4-8ae2095189ff,a72c15d9-cddc-4b41-bde4-8ae2095189ff,1,,20.039744444444445,-155.4398277777778,POINT (-155.4398277777778 20.039744444444445),455005,2019-09-04 02:57:57 UTC,2019-08-27 10:39:40 UTC,622.0196090153644,2019-08-27,20:39:40,32.004833106781454,347.32986472424557,T,20.039744444444445,N,-155.4398277777778,W,Apple,iPhone 8,,810,1080,"Fulcrum iOS 2.19.7 (3837), iOS 12.4, Apple, iPhone 8",72.0,72.0
aceeaf13-3b2c-417b-9ef3-05c5c71f2c56,54e7bd72-6fa6-49fc-af34-35f8ccb648fc,54e7bd72-6fa6-49fc-af34-35f8ccb648fc,1,,20.040297222222225,-155.44083055555555,POINT (-155.44083055555555 20.040297222222225),480900,2019-09-04 02:57:58 UTC,2019-08-27 10:41:27 UTC,647.6854599406528,2019-08-27,20:41:27,32.004833106781454,339.71530147895334,T,20.040297222222225,N,-155.44083055555555,W,Apple,iPhone 8,,810,1080,"Fulcrum iOS 2.19.7 (3837), iOS 12.4, Apple, iPhone 8",72.0,72.0
c1c546ad-5989-4d6a-b615-bf4b55b7a7ef,3ee6238b-13cb-4c20-b532-e6591d3d612f,3ee6238b-13cb-4c20-b532-e6591d3d612f,1,,20.040555555555557,-155.44117500000002,POINT (-155.44117500000002 20.040555555555557),416589,2019-09-04 02:58:00 UTC,2019-08-27 10:43:31 UTC,653.6713947990544,2019-08-27,20:43:31,8.001208276695364,93.40285487708168,T,20.040555555555557,N,-155.44117500000002,W,Apple,iPhone 8,,810,1080,"Fulcrum iOS 2.19.7 (3837), iOS 12.4, Apple, iPhone 8",72.0,72.0
bd39b735-3aee-41a8-b076-e0bcaeba1b6d,4776dce1-4ed2-4945-9712-7610e3b931fb,4776dce1-4ed2-4945-9712-7610e3b931fb,1,,20.040825,-155.44159166666668,POINT (-155.44159166666668 20.040825),454660,2019-09-04 02:58:02 UTC,2019-08-27 10:45:07 UTC,658.9852469531751,2019-08-27,20:45:08,8.001208276695364,189.63662714097498,T,20.040825,N,-155.44159166666668,W,Apple,iPhone 8,,810,1080,"Fulcrum iOS 2.19.7 (3837), iOS 12.4, Apple, iPhone 8",72.0,72.0
ad208f95-3437-464b-8ca5-078e3527a51c,9ef10bc4-a2fe-4660-ac5c-77fab003b576,9ef10bc4-a2fe-4660-ac5c-77fab003b576,1,,20.040805555555558,-155.44164166666667,POINT (-155.44164166666667 20.040805555555558),461122,2019-09-04 02:58:03 UTC,2019-08-27 10:46:09 UTC,656.9947245017585,2019-08-27,20:46:09,8.001208276695364,356.9934693877551,T,20.040805555555558,N,-155.44164166666667,W,Apple,iPhone 8,,810,1080,"Fulcrum iOS 2.19.7 (3837), iOS 12.4, Apple, iPhone 8",72.0,72.0
47fa96cf-345f-4f9a-bb7c-ed32ce455494,6f9c6c6b-5138-41f6-95ea-0764ebc95664,6f9c6c6b-5138-41f6-95ea-0764ebc95664,1,,20.04109166666667,-155.44174444444445,POINT (-155.44174444444445 20.04109166666667),521852,2019-09-04 02:58:05 UTC,2019-08-27 10:48:07 UTC,658.5652190389571,2019-08-27,20:48:07,8.001208276695364,48.13658523518697,T,20.04109166666667,N,-155.44174444444445,W,Apple,iPhone 8,,810,1080,"Fulcrum iOS 2.19.7 (3837), iOS 12.4, Apple, iPhone 8",72.0,72.0
09f2026d-3fff-4be1-8d34-7851ef2a037a,bdebedc5-b88c-4b1e-8aa7-9498912fed3a,bdebedc5-b88c-4b1e-8aa7-9498912fed3a,1,,20.041219444444447,-155.44172222222224,POINT (-155.44172222222224 20.041219444444447),516310,2019-09-04 02:58:06 UTC,2019-08-27 10:49:07 UTC,654.2374924653406,2019-08-27,20:49:06,8.001208276695364,92.14215857492141,T,20.041219444444447,N,-155.44172222222224,W,Apple,iPhone 8,,810,1080,"Fulcrum iOS 2.19.7 (3837), iOS 12.4, Apple, iPhone 8",72.0,72.0
ef68cc7e-d7aa-4129-8316-7b96073558fb,bef23c81-0e92-4176-a671-5768dd11b03d,bef23c81-0e92-4176-a671-5768dd11b03d,1,,20.041261111111112,-155.44170555555556,POINT (-155.44170555555556 20.041261111111112),473838,2019-09-04 02:58:07 UTC,2019-08-27 10:51:49 UTC,664.8946078431372,2019-08-27,20:51:48,8.001208276695364,237.8662109375,T,20.041261111111112,N,-155.44170555555556,W,Apple,iPhone 8,,810,1080,"Fulcrum iOS 2.19.7 (3837), iOS 12.4, Apple, iPhone 8",72.0,72.0
8dd6fd16-4a35-4bed-a4f8-5301ad386bc8,58fd11d3-45ed-4b1a-8dfe-cd6f21c93e4a,58fd11d3-45ed-4b1a-8dfe-cd6f21c93e4a,1,,20.04110277777778,-155.44243055555555,POINT (-155.44243055555555 20.04110277777778),311822,2019-09-04 02:58:09 UTC,2019-08-27 10:55:17 UTC,667.6096774193549,2019-08-27,20:55:17,8.001208276695364,100.2489013184179,T,20.04110277777778,N,-155.44243055555555,W,Apple,iPhone 8,,810,1080,"Fulcrum iOS 2.19.7 (3837), iOS 12.4, Apple, iPhone 8",72.0,72.0
1867c46a-e432-4b7e-9a8d-be0ca669da4b,23714979-3ced-40d4-8607-8e682690055a,23714979-3ced-40d4-8607-8e682690055a,1,,20.040308333333336,-155.44213055555556,POINT (-155.44213055555556 20.040308333333336),401828,2019-09-04 02:58:10 UTC,2019-08-27 11:04:07 UTC,664.2858880778589,2019-08-27,21:04:06,6.000906207521522,219.9052734375,T,20.040308333333336,N,-155.44213055555556,W,Apple,iPhone 8,,810,1080,"Fulcrum iOS 2.19.7 (3837), iOS 12.4, Apple, iPhone 8",72.0,72.0
52218618-fd2a-4b54-b99f-14eaae17114f,888a23c4-51cd-420f-83bf-de1ac14ccadb,888a23c4-51cd-420f-83bf-de1ac14ccadb,1,,20.04032777777778,-155.44211666666666,POINT (-155.44211666666666 20.04032777777778),470807,2019-09-04 02:58:12 UTC,2019-08-27 11:09:23 UTC,668.6954474097331,2019-08-27,21:09:24,8.001208276695364,122.98838797814207,T,20.04032777777778,N,-155.44211666666666,W,Apple,iPhone 8,,810,1080,"Fulcrum iOS 2.19.7 (3837), iOS 12.4, Apple, iPhone 8",72.0,72.0
a81371be-fc9b-4b47-8929-766211ae737d,a02a18e4-a71b-4309-baca-07257be085ce,a02a18e4-a71b-4309-baca-07257be085ce,1,,20.040397222222225,-155.44211388888888,POINT (-155.44211388888888 20.040397222222225),481884,2019-09-04 02:58:13 UTC,2019-08-27 11:10:55 UTC,673.594351732991,2019-08-27,21:10:56,8.001208276695364,49.93201448871552,T,20.040397222222225,N,-155.44211388888888,W,Apple,iPhone 8,,810,1080,"Fulcrum iOS 2.19.7 (3837), iOS 12.4, Apple, iPhone 8",72.0,72.0
ec054f4e-96f1-4465-bf91-991c5e5c4d2b,75f5c987-7eb7-402e-8234-c2f60961036f,75f5c987-7eb7-402e-8234-c2f60961036f,1,,20.040461111111114,-155.44209722222223,POINT (-155.44209722222223 20.040461111111114),449858,2019-09-04 02:58:15 UTC,2019-08-27 11:11:45 UTC,677.8814703675919,2019-08-27,21:11:45,8.001208276695364,309.8760376314333,T,20.040461111111114,N,-155.44209722222223,W,Apple,iPhone 8,,810,1080,"Fulcrum iOS 2.19.7 (3837), iOS 12.4, Apple, iPhone 8",72.0,72.0
4c13760e-270d-4040-9e8e-db3e1419acfe,9e84d66f-ff0b-4b79-a180-df7fa684220b,9e84d66f-ff0b-4b79-a180-df7fa684220b,1,,20.040430555555556,-155.44207222222224,POINT (-155.44207222222224 20.040430555555556),478536,2019-09-04 02:58:16 UTC,2019-08-27 11:12:40 UTC,670.0344734715864,2019-08-27,21:12:41,8.001208276695364,127.0245895379916,T,20.040430555555556,N,-155.44207222222224,W,Apple,iPhone 8,,810,1080,"Fulcrum iOS 2.19.7 (3837), iOS 12.4, Apple, iPhone 8",72.0,72.0
73439927-6c1a-4edd-bc3e-9866c6f90c1a,286c3ff8-e4c3-4fef-9486-c77f2a15b88e,286c3ff8-e4c3-4fef-9486-c77f2a15b88e,1,,20.040447222222223,-155.4420388888889,POINT (-155.4420388888889 20.040447222222223),384890,2019-09-04 02:58:18 UTC,2019-08-27 11:13:51 UTC,674.5928770949721,2019-08-27,21:13:52,8.001208276695364,85.06605530878349,T,20.040447222222223,N,-155.4420388888889,W,Apple,iPhone 8,,810,1080,"Fulcrum iOS 2.19.7 (3837), iOS 12.4, Apple, iPhone 8",72.0,72.0
5abc9da8-797a-425f-b3ab-103695e079f9,ae14949c-a2db-4407-a232-11d440cb7f9b,ae14949c-a2db-4407-a232-11d440cb7f9b,1,,20.040450000000003,-155.44204444444443,POINT (-155.44204444444443 20.040450000000003),480467,2019-09-04 02:58:19 UTC,2019-08-27 11:14:48 UTC,675.1787648970748,2019-08-27,21:14:49,8.001208276695364,173.83642578125,T,20.040450000000003,N,-155.44204444444443,W,Apple,iPhone 8,,810,1080,"Fulcrum iOS 2.19.7 (3837), iOS 12.4, Apple, iPhone 8",72.0,72.0
a44f2007-fe45-4e8b-b9c4-486c04934c41,cd9faaf7-6817-45fe-a9b6-ce73a7226d57,cd9faaf7-6817-45fe-a9b6-ce73a7226d57,1,,20.040375,-155.44213333333335,POINT (-155.44213333333335 20.040375),468680,2019-09-04 02:58:21 UTC,2019-08-27 11:16:00 UTC,664.6395450568679,2019-08-27,21:16:02,8.001208276695364,229.29051217464317,T,20.040375,N,-155.44213333333335,W,Apple,iPhone 8,,1080,810,"Fulcrum iOS 2.19.7 (3837), iOS 12.4, Apple, iPhone 8",72.0,72.0
b89a02ae-2495-4087-969a-ad9bba6bd68e,7a45172f-2d70-4f8a-b5ba-27a8204855e8,7a45172f-2d70-4f8a-b5ba-27a8204855e8,1,,20.04035277777778,-155.44211666666666,POINT (-155.44211666666666 20.04035277777778),463272,2019-09-04 02:58:22 UTC,2019-08-27 11:16:51 UTC,668.5831485587584,2019-08-27,21:16:52,8.001208276695364,94.96138002059732,T,20.04035277777778,N,-155.44211666666666,W,Apple,iPhone 8,,1080,810,"Fulcrum iOS 2.19.7 (3837), iOS 12.4, Apple, iPhone 8",72.0,72.0
d7d75057-d8d5-4464-b9c8-68aeeedeb274,55d87939-bc29-4639-a8d2-be897fd94f34,55d87939-bc29-4639-a8d2-be897fd94f34,1,,20.040325000000003,-155.44214722222222,POINT (-155.44214722222222 20.040325000000003),387866,2019-09-04 02:58:24 UTC,2019-08-27 11:17:40 UTC,673.0141242937854,2019-08-27,21:17:41,8.001208276695364,205.5146330481765,T,20.040325000000003,N,-155.44214722222222,W,Apple,iPhone 8,,810,1080,"Fulcrum iOS 2.19.7 (3837), iOS 12.4, Apple, iPhone 8",72.0,72.0
6a134bf7-f5a5-4e3d-8c4f-b15e283d5692,b4d50ec7-b93e-44ca-b91e-9c3657d689b0,b4d50ec7-b93e-44ca-b91e-9c3657d689b0,1,,20.040347222222223,-155.4422,POINT (-155.4422 20.040347222222223),468536,2019-09-04 02:58:25 UTC,2019-08-27 11:18:46 UTC,665.4288587229763,2019-08-27,21:18:54,8.001208276695364,266.77307110438727,T,20.040347222222223,N,-155.4422,W,Apple,iPhone 8,,810,1080,"Fulcrum iOS 2.19.7 (3837), iOS 12.4, Apple, iPhone 8",72.0,72.0
fef0393e-8b5c-484f-b5b4-317b5ea67dca,0888f36d-57f6-489f-a118-be4eb339de75,0888f36d-57f6-489f-a118-be4eb339de75,1,,20.040300000000002,-155.4421638888889,POINT (-155.4421638888889 20.040300000000002),479277,2019-09-04 02:58:26 UTC,2019-08-27 11:20:25 UTC,665.3568507157464,2019-08-27,21:20:24,6.000906207521522,243.3124238733252,T,20.040300000000002,N,-155.4421638888889,W,Apple,iPhone 8,,810,1080,"Fulcrum iOS 2.19.7 (3837), iOS 12.4, Apple, iPhone 8",72.0,72.0
2a7fa681-8439-42c7-925c-73e963aed598,2f5f5b87-ab3a-47fa-9f9f-193970ef4127,2f5f5b87-ab3a-47fa-9f9f-193970ef4127,1,,20.040469444444447,-155.44214722222222,POINT (-155.44214722222222 20.040469444444447),470306,2019-09-04 02:58:28 UTC,2019-08-27 11:21:47 UTC,667.1105815061964,2019-08-27,21:21:47,6.000906207521522,96.83751680860601,T,20.040469444444447,N,-155.44214722222222,W,Apple,iPhone 8,,810,1080,"Fulcrum iOS 2.19.7 (3837), iOS 12.4, Apple, iPhone 8",72.0,72.0
80337e73-1c6b-4d13-bf4d-ad28d3535876,bbf14955-fbb6-4fa6-9207-790a563ed0c8,bbf14955-fbb6-4fa6-9207-790a563ed0c8,1,,20.040333333333336,-155.44252222222224,POINT (-155.44252222222224 20.040333333333336),400885,2019-09-04 02:58:29 UTC,2019-08-27 11:25:28 UTC,665.0360406091371,2019-08-27,21:25:29,8.001208276695364,232.73777777777778,T,20.040333333333336,N,-155.44252222222224,W,Apple,iPhone 8,,810,1080,"Fulcrum iOS 2.19.7 (3837), iOS 12.4, Apple, iPhone 8",72.0,72.0
00e1a1ad-8549-4caf-80dd-4d9d13384a86,dea83dc8-34fe-4981-a642-c97d656a2ce2,dea83dc8-34fe-4981-a642-c97d656a2ce2,1,,20.040308333333336,-155.4424527777778,POINT (-155.4424527777778 20.040308333333336),505978,2019-09-04 02:58:31 UTC,2019-08-27 11:27:09 UTC,663.8930555555555,2019-08-27,21:27:09,8.001208276695364,225.12962334577537,T,20.040308333333336,N,-155.4424527777778,W,Apple,iPhone 8,,810,1080,"Fulcrum iOS 2.19.7 (3837), iOS 12.4, Apple, iPhone 8",72.0,72.0
7dbe16ff-c61b-4e74-ad38-7e7b73647b14,7a13ce40-4422-446d-9b02-f644200acb4c,7a13ce40-4422-446d-9b02-f644200acb4c,1,,20.04031388888889,-155.44244722222223,POINT (-155.44244722222223 20.04031388888889),444882,2019-09-04 02:58:32 UTC,2019-08-27 11:28:09 UTC,674.667671893848,2019-08-27,21:28:09,8.001208276695364,255.53303527074019,T,20.04031388888889,N,-155.44244722222223,W,Apple,iPhone 8,,810,1080,"Fulcrum iOS 2.19.7 (3837), iOS 12.4, Apple, iPhone 8",72.0,72.0
64a54fcd-db83-45a5-9c99-b0a67a27028f,913a9491-597c-4d75-bac2-dde488aaeb70,913a9491-597c-4d75-bac2-dde488aaeb70,1,,20.040008333333336,-155.44240555555555,POINT (-155.44240555555555 20.040008333333336),523955,2019-09-04 02:58:34 UTC,2019-08-27 11:31:32 UTC,683.4042027194067,2019-08-27,21:31:32,8.001208276695364,125.17906950797725,T,20.040008333333336,N,-155.44240555555555,W,Apple,iPhone 8,,810,1080,"Fulcrum iOS 2.19.7 (3837), iOS 12.4, Apple, iPhone 8",72.0,72.0
9c7ea08e-c755-4422-b439-f63797315eca,6c4546fd-3eb0-4ed2-bee6-68983bbf722d,6c4546fd-3eb0-4ed2-bee6-68983bbf722d,1,,20.040005555555556,-155.4424138888889,POINT (-155.4424138888889 20.040005555555556),488087,2019-09-04 02:58:35 UTC,2019-08-27 11:32:44 UTC,676.7475380483438,2019-08-27,21:32:44,8.001208276695364,193.98941041785918,T,20.040005555555556,N,-155.4424138888889,W,Apple,iPhone 8,,810,1080,"Fulcrum iOS 2.19.7 (3837), iOS 12.4, Apple, iPhone 8",72.0,72.0
5e6ca952-983d-47fd-8e06-cb3a7d7ce089,5a3d0357-447c-4d18-98bd-4e715ee90410,5a3d0357-447c-4d18-98bd-4e715ee90410,1,,20.04002777777778,-155.44240277777777,POINT (-155.44240277777777 20.04002777777778),502605,2019-09-04 02:58:37 UTC,2019-08-27 11:33:45 UTC,673.4126426690079,2019-08-27,21:33:45,8.001208276695364,124.28233333333333,T,20.04002777777778,N,-155.44240277777777,W,Apple,iPhone 8,,810,1080,"Fulcrum iOS 2.19.7 (3837), iOS 12.4, Apple, iPhone 8",72.0,72.0
008b0337-7f7a-40f9-8058-e4bf069de941,46fc34db-7d5a-4d90-b9ff-e8c16b22887b,46fc34db-7d5a-4d90-b9ff-e8c16b22887b,1,,20.03996666666667,-155.44222222222223,POINT (-155.44222222222223 20.03996666666667),516530,2019-09-04 02:58:39 UTC,2019-08-27 11:35:54 UTC,667.5473612990528,2019-08-27,21:35:54,8.001208276695364,17.753002183406114,T,20.03996666666667,N,-155.44222222222223,W,Apple,iPhone 8,,810,1080,"Fulcrum iOS 2.19.7 (3837), iOS 12.4, Apple, iPhone 8",72.0,72.0
9bd7449d-651b-4e33-aaad-643e434fd971,ff2618f5-0157-4fe2-bb41-e5af15cc7358,ff2618f5-0157-4fe2-bb41-e5af15cc7358,1,,20.039725,-155.44158055555556,POINT (-155.44158055555556 20.039725),427254,2019-09-04 02:58:40 UTC,2019-08-27 11:40:11 UTC,653.9269005847954,2019-08-27,21:40:12,8.001208276695364,10.186404234204433,T,20.039725,N,-155.44158055555556,W,Apple,iPhone 8,,810,1080,"Fulcrum iOS 2.19.7 (3837), iOS 12.4, Apple, iPhone 8",72.0,72.0
f9101b1f-8d96-43cf-9b01-a87ea7f3262f,091c3b42-5b92-4f21-b5b8-0f49fa6933be,091c3b42-5b92-4f21-b5b8-0f49fa6933be,1,,20.039758333333335,-155.44157222222222,POINT (-155.44157222222222 20.039758333333335),392846,2019-09-04 02:58:41 UTC,2019-08-27 11:41:43 UTC,654.8108957569408,2019-08-27,21:41:45,8.001208276695364,172.222412109375,T,20.039758333333335,N,-155.44157222222222,W,Apple,iPhone 8,,1080,810,"Fulcrum iOS 2.19.7 (3837), iOS 12.4, Apple, iPhone 8",72.0,72.0
4787cc64-a640-4ccd-91b6-4bc8c30ce7de,409ceb95-718e-4291-84c8-c837379d4a53,409ceb95-718e-4291-84c8-c837379d4a53,1,,20.039769444444445,-155.44155833333335,POINT (-155.44155833333335 20.039769444444445),415836,2019-09-04 02:58:42 UTC,2019-08-27 11:42:45 UTC,658.729733642154,2019-08-27,21:42:46,8.001208276695364,297.0444638186574,T,20.039769444444445,N,-155.44155833333335,W,Apple,iPhone 8,,810,1080,"Fulcrum iOS 2.19.7 (3837), iOS 12.4, Apple, iPhone 8",72.0,72.0
28f32744-3a63-4f76-90d8-ccbb66378506,3428652c-ef90-4cef-a84a-ded3d4743760,3428652c-ef90-4cef-a84a-ded3d4743760,1,,20.039761111111112,-155.441525,POINT (-155.441525 20.039761111111112),466458,2019-09-04 02:58:44 UTC,2019-08-27 11:43:31 UTC,658.0535818287711,2019-08-27,21:43:30,8.001208276695364,142.83868410622276,T,20.039761111111112,N,-155.441525,W,Apple,iPhone 8,,810,1080,"Fulcrum iOS 2.19.7 (3837), iOS 12.4, Apple, iPhone 8",72.0,72.0
2c7ec200-b394-42b1-bd1b-227d70f503b8,1bf238ef-6f3d-445e-94c5-d3d98eb46b91,1bf238ef-6f3d-445e-94c5-d3d98eb46b91,1,,20.039775000000002,-155.44150833333333,POINT (-155.44150833333333 20.039775000000002),484709,2019-09-04 02:58:45 UTC,2019-08-27 11:44:22 UTC,677.3701281002998,2019-08-27,21:44:25,6.000906207521522,131.94296265900698,T,20.039775000000002,N,-155.44150833333333,W,Apple,iPhone 8,,810,1080,"Fulcrum iOS 2.19.7 (3837), iOS 12.4, Apple, iPhone 8",72.0,72.0
779a0da1-64bf-4d1e-88ef-4cd1bd457883,a6bfab26-bfab-48a4-b4ae-6c1504b50bf5,a6bfab26-bfab-48a4-b4ae-6c1504b50bf5,1,,20.03970277777778,-155.44146944444444,POINT (-155.44146944444444 20.03970277777778),323945,2019-09-04 02:58:46 UTC,2019-08-27 11:45:16 UTC,673.8096714197148,2019-08-27,21:45:17,6.000906207521522,214.9945222154595,T,20.03970277777778,N,-155.44146944444444,W,Apple,iPhone 8,,810,1080,"Fulcrum iOS 2.19.7 (3837), iOS 12.4, Apple, iPhone 8",72.0,72.0
1b3a35b5-5ab0-44ba-8797-2b71402f05a9,2001c40b-b8e2-451f-8683-abee4209086d,2001c40b-b8e2-451f-8683-abee4209086d,1,,20.039705555555557,-155.44154444444445,POINT (-155.44154444444445 20.039705555555557),368134,2019-09-04 02:58:47 UTC,2019-08-27 11:46:38 UTC,674.0582226762002,2019-08-27,21:46:39,16.002416553390727,212.40428159736518,T,20.039705555555557,N,-155.44154444444445,W,Apple,iPhone 8,,810,1080,"Fulcrum iOS 2.19.7 (3837), iOS 12.4, Apple, iPhone 8",72.0,72.0
787c765b-420f-4aa6-b954-84a76d6cae26,1aca1166-a0ab-46fc-9b13-225068490de6,1aca1166-a0ab-46fc-9b13-225068490de6,1,,20.039905555555556,-155.44154722222223,POINT (-155.44154722222223 20.039905555555556),466499,2019-09-04 02:58:49 UTC,2019-08-27 11:48:59 UTC,659.838626609442,2019-08-27,21:48:59,8.001208276695364,46.57860184528034,T,20.039905555555556,N,-155.44154722222223,W,Apple,iPhone 8,,810,1080,"Fulcrum iOS 2.19.7 (3837), iOS 12.4, Apple, iPhone 8",72.0,72.0
af7e04a9-f611-4bb0-b86d-bfc2e7cc570a,a2e776a8-41bc-4582-806c-a68b279f344f,a2e776a8-41bc-4582-806c-a68b279f344f,1,,20.039986111111112,-155.44158055555556,POINT (-155.44158055555556 20.039986111111112),412464,2019-09-04 02:58:50 UTC,2019-08-27 11:50:33 UTC,679.497442455243,2019-08-27,21:50:33,12.001812415043045,77.89301300013781,T,20.039986111111112,N,-155.44158055555556,W,Apple,iPhone 8,,810,1080,"Fulcrum iOS 2.19.7 (3837), iOS 12.4, Apple, iPhone 8",72.0,72.0
ade85e71-c8f0-4b01-9a36-17a8bdddbd6d,66e48a1c-2b33-4cdb-86b0-16242d34ae6e,66e48a1c-2b33-4cdb-86b0-16242d34ae6e,1,,20.039916666666667,-155.44138055555555,POINT (-155.44138055555555 20.039916666666667),316827,2019-09-04 02:58:51 UTC,2019-08-27 11:52:24 UTC,668.8185920577617,2019-08-27,21:52:24,8.001208276695364,38.98820493918172,T,20.039916666666667,N,-155.44138055555555,W,Apple,iPhone 8,,1080,810,"Fulcrum iOS 2.19.7 (3837), iOS 12.4, Apple, iPhone 8",72.0,72.0
8dab9ade-c889-4d40-b6bd-d715b40863bf,fa3c0fef-b0e7-45de-b5ba-e8f4a68da13d,fa3c0fef-b0e7-45de-b5ba-e8f4a68da13d,1,,20.039916666666667,-155.44138333333333,POINT (-155.44138333333333 20.039916666666667),425491,2019-09-04 02:58:53 UTC,2019-08-27 11:53:21 UTC,672.091263650546,2019-08-27,21:53:21,8.001208276695364,328.89477557027226,T,20.039916666666667,N,-155.44138333333333,W,Apple,iPhone 8,,810,1080,"Fulcrum iOS 2.19.7 (3837), iOS 12.4, Apple, iPhone 8",72.0,72.0
81aacfeb-ccb7-4d64-bccb-fdfb7b8522be,d38f749a-93e2-4a93-827c-87d3f1f1377e,d38f749a-93e2-4a93-827c-87d3f1f1377e,1,,20.039916666666667,-155.44138611111111,POINT (-155.44138611111111 20.039916666666667),479691,2019-09-04 02:58:54 UTC,2019-08-27 11:55:09 UTC,666.6739543726236,2019-08-27,21:55:09,8.001208276695364,324.94546532305867,T,20.039916666666667,N,-155.44138611111111,W,Apple,iPhone 8,,810,1080,"Fulcrum iOS 2.19.7 (3837), iOS 12.4, Apple, iPhone 8",72.0,72.0
e2ac27c2-cc8e-4dd3-8eb7-dfd506fc5504,e03d12d2-4e65-430f-a222-d53e8e5fda5d,e03d12d2-4e65-430f-a222-d53e8e5fda5d,1,,20.039916666666667,-155.44138055555555,POINT (-155.44138055555555 20.039916666666667),367895,2019-09-04 02:58:56 UTC,2019-08-27 11:56:04 UTC,667.7667210440457,2019-08-27,21:56:04,8.001208276695364,343.53582752060873,T,20.039916666666667,N,-155.44138055555555,W,Apple,iPhone 8,,810,1080,"Fulcrum iOS 2.19.7 (3837), iOS 12.4, Apple, iPhone 8",72.0,72.0
1b57379c-6617-4619-8399-5e759f28a5ef,65c045fa-c982-4bd6-b24b-eb36f6de6d72,65c045fa-c982-4bd6-b24b-eb36f6de6d72,1,,20.039830555555557,-155.44143055555557,POINT (-155.44143055555557 20.039830555555557),456267,2019-09-04 02:58:57 UTC,2019-08-27 11:58:51 UTC,666.661278471712,2019-08-27,21:58:53,6.000906207521522,331.7929993964997,T,20.039830555555557,N,-155.44143055555557,W,Apple,iPhone 8,,810,1080,"Fulcrum iOS 2.19.7 (3837), iOS 12.4, Apple, iPhone 8",72.0,72.0
9fb3950a-2df6-4a02-b155-4b729e27ddc0,5b47fe24-9ae9-45e5-b7da-3f9a4f29b9e9,5b47fe24-9ae9-45e5-b7da-3f9a4f29b9e9,1,,20.039786111111113,-155.44146944444444,POINT (-155.44146944444444 20.039786111111113),419039,2019-09-04 02:58:58 UTC,2019-08-27 11:59:48 UTC,672.4325943678849,2019-08-27,21:59:48,8.001208276695364,334.8164367126575,T,20.039786111111113,N,-155.44146944444444,W,Apple,iPhone 8,,810,1080,"Fulcrum iOS 2.19.7 (3837), iOS 12.4, Apple, iPhone 8",72.0,72.0
2e388dc0-1fe5-48a0-8619-7c620813f971,64595244-e29f-4867-9402-2995402c261d,64595244-e29f-4867-9402-2995402c261d,1,,20.039794444444446,-155.44145,POINT (-155.44145 20.039794444444446),482923,2019-09-04 02:59:00 UTC,2019-08-27 12:01:22 UTC,672.1474530831099,2019-08-27,22:01:22,6.000906207521522,189.88935870331218,T,20.039794444444446,N,-155.44145,W,Apple,iPhone 8,,810,1080,"Fulcrum iOS 2.19.7 (3837), iOS 12.4, Apple, iPhone 8",72.0,72.0
e37b0392-3ffd-47c5-a538-dd94a041c6a2,98e2acb0-5262-4429-99a8-cfb05fe2eb8e,98e2acb0-5262-4429-99a8-cfb05fe2eb8e,1,,20.03981388888889,-155.44146111111112,POINT (-155.44146111111112 20.03981388888889),443404,2019-09-04 02:59:02 UTC,2019-08-27 12:02:57 UTC,668.7035920622959,2019-08-27,22:02:58,8.001208276695364,114.05482483097725,T,20.03981388888889,N,-155.44146111111112,W,Apple,iPhone 8,,810,1080,"Fulcrum iOS 2.19.7 (3837), iOS 12.4, Apple, iPhone 8",72.0,72.0
7ee4ce29-981f-4da9-9fc2-00edb60bd24b,de86156b-20e3-422f-ab2f-c1e5c5b79cb7,de86156b-20e3-422f-ab2f-c1e5c5b79cb7,1,,20.03981388888889,-155.4414638888889,POINT (-155.4414638888889 20.03981388888889),474750,2019-09-04 02:59:03 UTC,2019-08-27 12:03:49 UTC,668.5438508064516,2019-08-27,22:03:49,8.001208276695364,116.334373374935,T,20.03981388888889,N,-155.4414638888889,W,Apple,iPhone 8,,810,1080,"Fulcrum iOS 2.19.7 (3837), iOS 12.4, Apple, iPhone 8",72.0,72.0
474400f3-4939-4c95-8e14-ac58c9fb1c4b,60de73ad-5c99-4972-ba22-c750acfd5b72,60de73ad-5c99-4972-ba22-c750acfd5b72,1,,20.03981388888889,-155.4414638888889,POINT (-155.4414638888889 20.03981388888889),435455,2019-09-04 02:59:05 UTC,2019-08-27 12:05:12 UTC,664.4369063772049,2019-08-27,22:05:13,8.001208276695364,230.84756483238456,T,20.03981388888889,N,-155.4414638888889,W,Apple,iPhone 8,,1080,810,"Fulcrum iOS 2.19.7 (3837), iOS 12.4, Apple, iPhone 8",72.0,72.0
12adf36f-77c5-41c2-a3b3-c0b375a40f70,cadbe35d-bb48-428c-a30a-b824e937dd77,cadbe35d-bb48-428c-a30a-b824e937dd77,1,,20.039794444444446,-155.44149444444446,POINT (-155.44149444444446 20.039794444444446),315165,2019-09-04 02:59:06 UTC,2019-08-27 12:06:22 UTC,648.7967877094972,2019-08-27,22:06:22,8.001208276695364,295.9427792915531,T,20.039794444444446,N,-155.44149444444446,W,Apple,iPhone 8,,810,1080,"Fulcrum iOS 2.19.7 (3837), iOS 12.4, Apple, iPhone 8",72.0,72.0
c2b4cde2-5b39-491c-879e-f2264f8adb5d,f3a19e5c-50a6-432f-94f9-eebf2b75b659,f3a19e5c-50a6-432f-94f9-eebf2b75b659,1,,19.424194444444446,-155.22197777777777,POINT (-155.22197777777777 19.424194444444446),536385,2019-09-04 02:59:08 UTC,2019-08-28 09:57:47 UTC,1137.11542991755,2019-08-28,19:57:47,6.000906207521522,127.30313865713151,T,19.424194444444446,N,-155.22197777777777,W,Apple,iPhone 8,,810,1080,"Fulcrum iOS 2.19.7 (3837), iOS 12.4, Apple, iPhone 8",72.0,72.0
5be804b1-e38e-44f6-8fe5-093a54e9ae47,e42ab3a4-694a-408f-9dd5-a9b19a517987,e42ab3a4-694a-408f-9dd5-a9b19a517987,1,,19.424172222222225,-155.2219638888889,POINT (-155.2219638888889 19.424172222222225),509698,2019-09-04 02:59:09 UTC,2019-08-28 09:59:20 UTC,1137.11542991755,2019-08-28,19:59:22,6.000906207521522,97.45823665893272,T,19.424172222222225,N,-155.2219638888889,W,Apple,iPhone 8,,810,1080,"Fulcrum iOS 2.19.7 (3837), iOS 12.4, Apple, iPhone 8",72.0,72.0
c5c18c33-6ef7-4c31-a0a4-0421978ec9de,3aea8d60-5d21-4345-b87a-724209bf814e,3aea8d60-5d21-4345-b87a-724209bf814e,1,,19.42416388888889,-155.221925,POINT (-155.221925 19.42416388888889),504222,2019-09-04 02:59:11 UTC,2019-08-28 10:00:51 UTC,1136.9654017857142,2019-08-28,20:00:53,8.001208276695364,45.517757426848334,T,19.42416388888889,N,-155.221925,W,Apple,iPhone 8,,810,1080,"Fulcrum iOS 2.19.7 (3837), iOS 12.4, Apple, iPhone 8",72.0,72.0
b79df41a-5864-4e74-a8a4-58e857e6d76a,aeb6947e-e942-4af6-9337-7c3c47c06242,aeb6947e-e942-4af6-9337-7c3c47c06242,1,,19.424125,-155.22190833333335,POINT (-155.22190833333335 19.424125),545643,2019-09-04 02:59:12 UTC,2019-08-28 10:01:54 UTC,1136.8399326032013,2019-08-28,20:01:54,6.000906207521522,314.0008849557522,T,19.424125,N,-155.22190833333335,W,Apple,iPhone 8,,810,1080,"Fulcrum iOS 2.19.7 (3837), iOS 12.4, Apple, iPhone 8",72.0,72.0
cd38f19c-66b4-4370-9ee9-087e0ed5381a,5e308020-1556-4b4f-b8bf-a95e17ef3086,5e308020-1556-4b4f-b8bf-a95e17ef3086,1,,19.424086111111112,-155.22195277777777,POINT (-155.22195277777777 19.424086111111112),529397,2019-09-04 02:59:14 UTC,2019-08-28 10:03:06 UTC,1137.11542991755,2019-08-28,20:03:06,8.001208276695364,349.71759010220546,T,19.424086111111112,N,-155.22195277777777,W,Apple,iPhone 8,,810,1080,"Fulcrum iOS 2.19.7 (3837), iOS 12.4, Apple, iPhone 8",72.0,72.0
cbaecf78-2bb7-4bfd-b659-739057a98c5b,b23c3b62-afba-4b2d-ba90-d0f48e2525a5,b23c3b62-afba-4b2d-ba90-d0f48e2525a5,1,,19.42409166666667,-155.2219638888889,POINT (-155.2219638888889 19.42409166666667),465416,2019-09-04 02:59:16 UTC,2019-08-28 10:04:06 UTC,1137.11542991755,2019-08-28,20:04:06,6.000906207521522,310.1479795105293,T,19.42409166666667,N,-155.2219638888889,W,Apple,iPhone 8,,810,1080,"Fulcrum iOS 2.19.7 (3837), iOS 12.4, Apple, iPhone 8",72.0,72.0
3fcca6d7-dae9-46a2-8225-6822caca1c33,a569637d-90a4-47d6-9c38-d229447d2689,a569637d-90a4-47d6-9c38-d229447d2689,1,,19.424083333333336,-155.22195555555555,POINT (-155.22195555555555 19.424083333333336),498897,2019-09-04 02:59:17 UTC,2019-08-28 10:04:49 UTC,1137.11542991755,2019-08-28,20:05:00,8.001208276695364,10.803361894886208,T,19.424083333333336,N,-155.22195555555555,W,Apple,iPhone 8,,810,1080,"Fulcrum iOS 2.19.7 (3837), iOS 12.4, Apple, iPhone 8",72.0,72.0
0ccde1fe-ece9-4cb2-9fa4-9063f4d392ec,12cb6be8-fa3f-452c-bb59-c31f10bc91fd,12cb6be8-fa3f-452c-bb59-c31f10bc91fd,1,,19.424100000000003,-155.22198333333333,POINT (-155.22198333333333 19.424100000000003),572695,2019-09-04 02:59:19 UTC,2019-08-28 10:06:04 UTC,1137.11542991755,2019-08-28,20:06:04,8.001208276695364,282.85284438175836,T,19.424100000000003,N,-155.22198333333333,W,Apple,iPhone 8,,810,1080,"Fulcrum iOS 2.19.7 (3837), iOS 12.4, Apple, iPhone 8",72.0,72.0
300a6feb-f3df-42df-b03d-dba7921676c8,adcdf668-6d32-474c-a2b5-e5fa06cd9628,adcdf668-6d32-474c-a2b5-e5fa06cd9628,1,,19.424130555555557,-155.22201944444444,POINT (-155.22201944444444 19.424130555555557),490054,2019-09-04 02:59:21 UTC,2019-08-28 10:07:06 UTC,1137.11542991755,2019-08-28,20:07:06,6.000906207521522,203.4108581436077,T,19.424130555555557,N,-155.22201944444444,W,Apple,iPhone 8,,810,1080,"Fulcrum iOS 2.19.7 (3837), iOS 12.4, Apple, iPhone 8",72.0,72.0
e4ddf06a-5780-46e0-9026-ffb3ae7922c2,edc4dd79-7fc6-42dd-8d2d-15dbc1c26669,edc4dd79-7fc6-42dd-8d2d-15dbc1c26669,1,,19.42412777777778,-155.22203055555556,POINT (-155.22203055555556 19.42412777777778),545221,2019-09-04 02:59:23 UTC,2019-08-28 10:08:11 UTC,1137.11542991755,2019-08-28,20:08:12,8.001208276695364,16.182888040712466,T,19.42412777777778,N,-155.22203055555556,W,Apple,iPhone 8,,810,1080,"Fulcrum iOS 2.19.7 (3837), iOS 12.4, Apple, iPhone 8",72.0,72.0
c1c2b0b3-1294-4568-93cc-d82e2e48a24e,e607afc1-b97c-4b0d-a9cc-e808023ffe9b,e607afc1-b97c-4b0d-a9cc-e808023ffe9b,1,,19.424133333333334,-155.22205,POINT (-155.22205 19.424133333333334),507717,2019-09-04 02:59:24 UTC,2019-08-28 10:09:01 UTC,1137.11542991755,2019-08-28,20:09:02,6.000906207521522,163.505538948479,T,19.424133333333334,N,-155.22205,W,Apple,iPhone 8,,810,1080,"Fulcrum iOS 2.19.7 (3837), iOS 12.4, Apple, iPhone 8",72.0,72.0
4a82d373-ee35-489f-add6-8848ddfad12f,c2d12129-266b-442c-8cd5-8da65405d844,c2d12129-266b-442c-8cd5-8da65405d844,1,,19.424130555555557,-155.22206944444446,POINT (-155.22206944444446 19.424130555555557),535033,2019-09-04 02:59:26 UTC,2019-08-28 10:09:53 UTC,1137.11542991755,2019-08-28,20:09:53,6.000906207521522,343.2335815842925,T,19.424130555555557,N,-155.22206944444446,W,Apple,iPhone 8,,810,1080,"Fulcrum iOS 2.19.7 (3837), iOS 12.4, Apple, iPhone 8",72.0,72.0
892e609e-51a5-42d1-92c6-8c32fb0f3eab,4475cdc7-d581-49ff-8bca-97ba92dcfb43,4475cdc7-d581-49ff-8bca-97ba92dcfb43,1,,19.424125,-155.2221,POINT (-155.2221 19.424125),488693,2019-09-04 02:59:28 UTC,2019-08-28 10:10:34 UTC,1137.11542991755,2019-08-28,20:10:35,6.000906207521522,313.1694029850746,T,19.424125,N,-155.2221,W,Apple,iPhone 8,,810,1080,"Fulcrum iOS 2.19.7 (3837), iOS 12.4, Apple, iPhone 8",72.0,72.0
54d6a496-98d2-4890-9dca-d2b6e23d9399,df9b92f9-9d14-4269-89e9-350534d76ca3,df9b92f9-9d14-4269-89e9-350534d76ca3,1,,19.424116666666666,-155.2221027777778,POINT (-155.2221027777778 19.424116666666666),570201,2019-09-04 02:59:30 UTC,2019-08-28 10:11:33 UTC,1137.11542991755,2019-08-28,20:11:33,6.000906207521522,139.9515228426396,T,19.424116666666666,N,-155.2221027777778,W,Apple,iPhone 8,,810,1080,"Fulcrum iOS 2.19.7 (3837), iOS 12.4, Apple, iPhone 8",72.0,72.0
60bb0582-7794-4c13-9049-fd6786b78d7e,752a7790-1787-4759-af67-68b07552df5f,752a7790-1787-4759-af67-68b07552df5f,1,,19.42407222222222,-155.2220861111111,POINT (-155.2220861111111 19.42407222222222),573071,2019-09-04 02:59:31 UTC,2019-08-28 10:12:24 UTC,1137.11542991755,2019-08-28,20:12:24,8.001208276695364,240.98098751418843,T,19.42407222222222,N,-155.2220861111111,W,Apple,iPhone 8,,810,1080,"Fulcrum iOS 2.19.7 (3837), iOS 12.4, Apple, iPhone 8",72.0,72.0
96fd186c-f36a-49d9-ba6e-10a99aa61d28,25271f6b-4af9-466e-bab5-0c455d916b16,25271f6b-4af9-466e-bab5-0c455d916b16,1,,19.424047222222224,-155.22213611111113,POINT (-155.22213611111113 19.424047222222224),529489,2019-09-04 02:59:33 UTC,2019-08-28 10:13:23 UTC,1137.11542991755,2019-08-28,20:13:23,8.001208276695364,167.48077394072985,T,19.424047222222224,N,-155.22213611111113,W,Apple,iPhone 8,,810,1080,"Fulcrum iOS 2.19.7 (3837), iOS 12.4, Apple, iPhone 8",72.0,72.0
68525445-fb46-411f-bb4e-ea87603c198e,8ff3f42d-02b1-4057-8469-3b06f39f6e0d,8ff3f42d-02b1-4057-8469-3b06f39f6e0d,1,,19.424033333333334,-155.22211388888888,POINT (-155.22211388888888 19.424033333333334),500247,2019-09-04 02:59:34 UTC,2019-08-28 10:14:37 UTC,1137.11542991755,2019-08-28,20:14:36,8.001208276695364,178.5196075434789,T,19.424033333333334,N,-155.22211388888888,W,Apple,iPhone 8,,810,1080,"Fulcrum iOS 2.19.7 (3837), iOS 12.4, Apple, iPhone 8",72.0,72.0
ae438723-319c-421f-a9da-63094868a90a,242b64b8-dc45-443a-80a7-4c59fcb5534d,242b64b8-dc45-443a-80a7-4c59fcb5534d,1,,19.424008333333333,-155.22216111111112,POINT (-155.22216111111112 19.424008333333333),510541,2019-09-04 02:59:36 UTC,2019-08-28 10:15:31 UTC,1137.11542991755,2019-08-28,20:15:31,6.000906207521522,255.3569489015058,T,19.424008333333333,N,-155.22216111111112,W,Apple,iPhone 8,,810,1080,"Fulcrum iOS 2.19.7 (3837), iOS 12.4, Apple, iPhone 8",72.0,72.0
04cd2fef-987a-463f-b015-ff4208408b07,f00c8f5b-d8e6-4110-8f01-2631561d6caf,f00c8f5b-d8e6-4110-8f01-2631561d6caf,1,,19.42400277777778,-155.2221861111111,POINT (-155.2221861111111 19.42400277777778),540435,2019-09-04 02:59:38 UTC,2019-08-28 10:16:25 UTC,1137.11542991755,2019-08-28,20:16:25,6.000906207521522,173.45472703062583,T,19.42400277777778,N,-155.2221861111111,W,Apple,iPhone 8,,810,1080,"Fulcrum iOS 2.19.7 (3837), iOS 12.4, Apple, iPhone 8",72.0,72.0
15bcff59-fe31-4b8f-b94d-a83475d3c763,ff42a631-5061-4167-82ec-451ec5fede97,ff42a631-5061-4167-82ec-451ec5fede97,1,,19.42397777777778,-155.2222111111111,POINT (-155.2222111111111 19.42397777777778),554119,2019-09-04 02:59:39 UTC,2019-08-28 10:17:13 UTC,1137.11542991755,2019-08-28,20:17:13,6.000906207521522,244.7684630738523,T,19.42397777777778,N,-155.2222111111111,W,Apple,iPhone 8,,810,1080,"Fulcrum iOS 2.19.7 (3837), iOS 12.4, Apple, iPhone 8",72.0,72.0
46cc9873-2978-4438-999b-7edcf80cca08,bf636aa3-f2bb-4778-a764-e8bc91a8733f,bf636aa3-f2bb-4778-a764-e8bc91a8733f,1,,19.423969444444445,-155.22225,POINT (-155.22225 19.423969444444445),541820,2019-09-04 02:59:41 UTC,2019-08-28 10:18:14 UTC,1137.3362573099416,2019-08-28,20:18:14,6.000906207521522,164.9599456890699,T,19.423969444444445,N,-155.22225,W,Apple,iPhone 8,,810,1080,"Fulcrum iOS 2.19.7 (3837), iOS 12.4, Apple, iPhone 8",72.0,72.0
971b2247-c5d8-492a-adf8-50ec1629095c,cfa40700-9778-4fc1-bbbd-95fc6de3a79a,cfa40700-9778-4fc1-bbbd-95fc6de3a79a,1,,19.423969444444445,-155.22230833333333,POINT (-155.22230833333333 19.423969444444445),478469,2019-09-04 02:59:42 UTC,2019-08-28 10:19:13 UTC,1137.7837181044958,2019-08-28,20:19:13,8.001208276695364,168.53024307518373,T,19.423969444444445,N,-155.22230833333333,W,Apple,iPhone 8,,810,1080,"Fulcrum iOS 2.19.7 (3837), iOS 12.4, Apple, iPhone 8",72.0,72.0
f1a9781a-be0d-4504-b34d-8924d0c1ae00,42886324-20a1-480f-bf0f-e25b3280effb,42886324-20a1-480f-bf0f-e25b3280effb,1,,19.424025,-155.22227222222222,POINT (-155.22227222222222 19.424025),546785,2019-09-04 02:59:44 UTC,2019-08-28 10:20:41 UTC,1137.4908235294117,2019-08-28,20:20:41,8.001208276695364,314.3563842924179,T,19.424025,N,-155.22227222222222,W,Apple,iPhone 8,,1080,810,"Fulcrum iOS 2.19.7 (3837), iOS 12.4, Apple, iPhone 8",72.0,72.0
e47ef589-284f-4353-b421-4d852b8e236c,650ef5a8-a81c-4781-a690-dca92fed4e11,650ef5a8-a81c-4781-a690-dca92fed4e11,1,,19.42402777777778,-155.2222361111111,POINT (-155.2222361111111 19.42402777777778),568767,2019-09-04 02:59:45 UTC,2019-08-28 10:21:27 UTC,1137.2356495468277,2019-08-28,20:21:30,8.001208276695364,88.44899751207376,T,19.42402777777778,N,-155.2222361111111,W,Apple,iPhone 8,,810,1080,"Fulcrum iOS 2.19.7 (3837), iOS 12.4, Apple, iPhone 8",72.0,72.0
078f5b0d-c740-4012-81fd-ff3260e69ecb,3a54ac6a-60a7-434c-adad-51b2f3e0a756,3a54ac6a-60a7-434c-adad-51b2f3e0a756,1,,19.42407777777778,-155.22245833333332,POINT (-155.22245833333332 19.42407777777778),553402,2019-09-04 02:59:47 UTC,2019-08-28 10:23:04 UTC,1138.9983818770227,2019-08-28,20:23:04,6.000906207521522,82.6050949050949,T,19.42407777777778,N,-155.22245833333332,W,Apple,iPhone 8,,810,1080,"Fulcrum iOS 2.19.7 (3837), iOS 12.4, Apple, iPhone 8",72.0,72.0
75d6b673-f3f1-4d28-87ef-3604fa4190e0,d8731e03-de51-4254-996e-9772a24735d2,d8731e03-de51-4254-996e-9772a24735d2,1,,19.424100000000003,-155.22244166666667,POINT (-155.22244166666667 19.424100000000003),523000,2019-09-04 02:59:48 UTC,2019-08-28 10:24:12 UTC,1138.9463601532566,2019-08-28,20:24:12,6.000906207521522,84.10505684045472,T,19.424100000000003,N,-155.22244166666667,W,Apple,iPhone 8,,810,1080,"Fulcrum iOS 2.19.7 (3837), iOS 12.4, Apple, iPhone 8",72.0,72.0
eb849e20-6fcd-4385-9b6b-000ac036eaaa,ee830e13-2cef-4b8c-8262-dbd6cbe144a6,ee830e13-2cef-4b8c-8262-dbd6cbe144a6,1,,19.424094444444446,-155.22244166666667,POINT (-155.22244166666667 19.424094444444446),563199,2019-09-04 02:59:50 UTC,2019-08-28 10:24:55 UTC,1138.8624467437614,2019-08-28,20:24:54,6.000906207521522,65.30744174392383,T,19.424094444444446,N,-155.22244166666667,W,Apple,iPhone 8,,810,1080,"Fulcrum iOS 2.19.7 (3837), iOS 12.4, Apple, iPhone 8",72.0,72.0
926b220c-b47b-42d1-8c61-5afb50d33494,f9ebf019-dd3e-451e-85fc-c08b3ae8efa2,f9ebf019-dd3e-451e-85fc-c08b3ae8efa2,1,,19.42409166666667,-155.22244166666667,POINT (-155.22244166666667 19.42409166666667),494682,2019-09-04 02:59:52 UTC,2019-08-28 10:25:44 UTC,1138.8547418967587,2019-08-28,20:25:44,6.000906207521522,80.28466031355671,T,19.42409166666667,N,-155.22244166666667,W,Apple,iPhone 8,,810,1080,"Fulcrum iOS 2.19.7 (3837), iOS 12.4, Apple, iPhone 8",72.0,72.0
42d8650b-346e-4a9d-851f-097cfc2a23e1,0212c8a8-6e37-4d3e-a869-aa53782b84b1,0212c8a8-6e37-4d3e-a869-aa53782b84b1,1,,19.424152777777778,-155.22249444444444,POINT (-155.22249444444444 19.424152777777778),558698,2019-09-04 02:59:54 UTC,2019-08-28 10:27:02 UTC,1139.2785145888595,2019-08-28,20:27:02,8.001208276695364,344.5610961365678,T,19.424152777777778,N,-155.22249444444444,W,Apple,iPhone 8,,1080,810,"Fulcrum iOS 2.19.7 (3837), iOS 12.4, Apple, iPhone 8",72.0,72.0
b0798979-8269-4eeb-99c2-768ed6fa4ec7,d111de0f-87bb-4c44-a34e-f45eb1701700,d111de0f-87bb-4c44-a34e-f45eb1701700,1,,19.424283333333335,-155.22248611111112,POINT (-155.22248611111112 19.424283333333335),602642,2019-09-04 02:59:55 UTC,2019-08-28 10:28:18 UTC,1139.2117930204572,2019-08-28,20:28:18,8.001208276695364,71.40538024760309,T,19.424283333333335,N,-155.22248611111112,W,Apple,iPhone 8,,810,1080,"Fulcrum iOS 2.19.7 (3837), iOS 12.4, Apple, iPhone 8",72.0,72.0
1538314c-f31e-4671-92a2-aceaad11e5b0,51203e0e-8397-487e-a87a-dca438dcac4e,51203e0e-8397-487e-a87a-dca438dcac4e,1,,19.424277777777778,-155.22242777777777,POINT (-155.22242777777777 19.424277777777778),513489,2019-09-04 02:59:57 UTC,2019-08-28 10:29:22 UTC,1138.767529215359,2019-08-28,20:29:23,6.000906207521522,137.0869140625,T,19.424277777777778,N,-155.22242777777777,W,Apple,iPhone 8,,810,1080,"Fulcrum iOS 2.19.7 (3837), iOS 12.4, Apple, iPhone 8",72.0,72.0
b50f1168-1aff-4ac6-a256-f91e2a5411ad,af8ee53c-e3a7-469a-9fde-102c3cb40165,af8ee53c-e3a7-469a-9fde-102c3cb40165,1,,19.424272222222225,-155.22239444444443,POINT (-155.22239444444443 19.424272222222225),544428,2019-09-04 02:59:59 UTC,2019-08-28 10:32:21 UTC,1138.4918140144073,2019-08-28,20:32:21,8.001208276695364,39.6411514556755,T,19.424272222222225,N,-155.22239444444443,W,Apple,iPhone 8,,810,1080,"Fulcrum iOS 2.19.7 (3837), iOS 12.4, Apple, iPhone 8",72.0,72.0
36a7818c-edca-4c8e-af2e-e8338c9e5218,38e3af8f-7990-49c8-bb11-e517cbcf4ea0,38e3af8f-7990-49c8-bb11-e517cbcf4ea0,1,,19.424377777777778,-155.22203333333334,POINT (-155.22203333333334 19.424377777777778),534944,2019-09-04 03:00:00 UTC,2019-08-28 10:34:33 UTC,1137.11542991755,2019-08-28,20:34:32,8.001208276695364,245.10734560467915,T,19.424377777777778,N,-155.22203333333334,W,Apple,iPhone 8,,810,1080,"Fulcrum iOS 2.19.7 (3837), iOS 12.4, Apple, iPhone 8",72.0,72.0
23d79146-2048-419c-ad90-94cdda8f84fb,1f38cb3f-cbe6-49b8-b685-63bb96dfa31f,1f38cb3f-cbe6-49b8-b685-63bb96dfa31f,1,,19.424380555555558,-155.2219638888889,POINT (-155.2219638888889 19.424380555555558),479711,2019-09-04 03:00:02 UTC,2019-08-28 10:35:48 UTC,1137.11542991755,2019-08-28,20:35:49,6.000906207521522,207.85072314049586,T,19.424380555555558,N,-155.2219638888889,W,Apple,iPhone 8,,810,1080,"Fulcrum iOS 2.19.7 (3837), iOS 12.4, Apple, iPhone 8",72.0,72.0
a1ab41ce-8ff4-4597-8ab8-f521df83f8a1,72efbedc-8e64-462e-a8c7-35e026e78c23,72efbedc-8e64-462e-a8c7-35e026e78c23,1,,19.424366666666668,-155.22195277777777,POINT (-155.22195277777777 19.424366666666668),525284,2019-09-04 03:00:03 UTC,2019-08-28 10:36:41 UTC,1137.11542991755,2019-08-28,20:36:42,6.000906207521522,236.06388854022845,T,19.424366666666668,N,-155.22195277777777,W,Apple,iPhone 8,,810,1080,"Fulcrum iOS 2.19.7 (3837), iOS 12.4, Apple, iPhone 8",72.0,72.0
9cb2d844-8b96-4cb8-9d23-c94166d5963f,72efbedc-8e64-462e-a8c7-35e026e78c23,72efbedc-8e64-462e-a8c7-35e026e78c23,1,,19.424380555555558,-155.2219611111111,POINT (-155.2219611111111 19.424380555555558),399062,2019-09-04 03:00:05 UTC,2019-08-28 10:37:19 UTC,1137.11542991755,2019-08-28,20:37:21,8.001208276695364,347.0172727272727,T,19.424380555555558,N,-155.2219611111111,W,Apple,iPhone 8,,810,1080,"Fulcrum iOS 2.19.7 (3837), iOS 12.4, Apple, iPhone 8",72.0,72.0
718ec152-0a99-4b6b-8de2-38ca182197bf,9546fd8b-7bd4-433f-bde6-3e0d1fabb015,9546fd8b-7bd4-433f-bde6-3e0d1fabb015,1,,19.424377777777778,-155.2219611111111,POINT (-155.2219611111111 19.424377777777778),487768,2019-09-04 03:00:07 UTC,2019-08-28 10:37:52 UTC,1137.11542991755,2019-08-28,20:37:53,8.001208276695364,243.47645569620252,T,19.424377777777778,N,-155.2219611111111,W,Apple,iPhone 8,,810,1080,"Fulcrum iOS 2.19.7 (3837), iOS 12.4, Apple, iPhone 8",72.0,72.0
1eb8560d-6658-4848-94f8-86b516ad38c6,4cf16944-3d04-4049-996c-4d7bff62b044,4cf16944-3d04-4049-996c-4d7bff62b044,1,,19.424377777777778,-155.22195555555555,POINT (-155.22195555555555 19.424377777777778),539867,2019-09-04 03:00:08 UTC,2019-08-28 10:39:33 UTC,1137.11542991755,2019-08-28,20:39:32,6.000906207521522,137.32342533616418,T,19.424377777777778,N,-155.22195555555555,W,Apple,iPhone 8,,810,1080,"Fulcrum iOS 2.19.7 (3837), iOS 12.4, Apple, iPhone 8",72.0,72.0
c49507fc-f594-4b5a-a722-3983d8a8a3b4,f79b47f5-23f0-45a8-a54e-46301ef6d607,f79b47f5-23f0-45a8-a54e-46301ef6d607,1,,19.424375,-155.2219,POINT (-155.2219 19.424375),552478,2019-09-04 03:00:10 UTC,2019-08-28 10:40:02 UTC,1136.762119503946,2019-08-28,20:40:02,6.000906207521522,158.16754155730533,T,19.424375,N,-155.2219,W,Apple,iPhone 8,,810,1080,"Fulcrum iOS 2.19.7 (3837), iOS 12.4, Apple, iPhone 8",72.0,72.0
6fdb7156-72a6-421c-85c5-16c89ea91498,ebd739cc-47c3-4e60-bc4f-91be6a683517,ebd739cc-47c3-4e60-bc4f-91be6a683517,1,,19.42431388888889,-155.22185277777777,POINT (-155.22185277777777 19.42431388888889),515028,2019-09-04 03:00:12 UTC,2019-08-28 10:42:10 UTC,1136.3714953271028,2019-08-28,20:42:11,8.001208276695364,273.28155518702783,T,19.42431388888889,N,-155.22185277777777,W,Apple,iPhone 8,,810,1080,"Fulcrum iOS 2.19.7 (3837), iOS 12.4, Apple, iPhone 8",72.0,72.0
371c133c-82c3-4a94-b65c-1180ad404bbf,ad903809-acc1-4a42-99bc-489a0295623b,ad903809-acc1-4a42-99bc-489a0295623b,1,,19.424258333333334,-155.221825,POINT (-155.221825 19.424258333333334),556239,2019-09-04 03:00:13 UTC,2019-08-28 10:43:40 UTC,1136.1713900134953,2019-08-28,20:43:40,8.001208276695364,302.3926084627745,T,19.424258333333334,N,-155.221825,W,Apple,iPhone 8,,810,1080,"Fulcrum iOS 2.19.7 (3837), iOS 12.4, Apple, iPhone 8",72.0,72.0
a14bef8d-039f-4b6b-97c6-9733263bfb35,44f21232-36f5-4678-9f18-91aee2687964,44f21232-36f5-4678-9f18-91aee2687964,1,,19.424233333333333,-155.22188333333332,POINT (-155.22188333333332 19.424233333333333),541031,2019-09-04 03:00:15 UTC,2019-08-28 10:45:25 UTC,1136.623417721519,2019-08-28,20:45:26,6.000906207521522,237.0778350515464,T,19.424233333333333,N,-155.22188333333332,W,Apple,iPhone 8,,810,1080,"Fulcrum iOS 2.19.7 (3837), iOS 12.4, Apple, iPhone 8",72.0,72.0
8e5d421a-e578-415d-b429-c3c344dffb9e,54efaf1e-2108-470a-847a-a4414a5fafa7,54efaf1e-2108-470a-847a-a4414a5fafa7,1,,19.424169444444445,-155.22188333333332,POINT (-155.22188333333332 19.424169444444445),575739,2019-09-04 03:00:16 UTC,2019-08-28 10:46:08 UTC,1136.6306569343067,2019-08-28,20:46:09,6.000906207521522,314.80041493775934,T,19.424169444444445,N,-155.22188333333332,W,Apple,iPhone 8,,810,1080,"Fulcrum iOS 2.19.7 (3837), iOS 12.4, Apple, iPhone 8",72.0,72.0
273ddf7c-eaee-4491-81b3-f5abb74aca5b,873f071c-31d9-4fe6-8467-12e410e401dc,873f071c-31d9-4fe6-8467-12e410e401dc,1,,19.424144444444444,-155.2218861111111,POINT (-155.2218861111111 19.424144444444444),543357,2019-09-04 03:00:18 UTC,2019-08-28 10:47:26 UTC,1136.6439144736842,2019-08-28,20:47:26,6.000906207521522,164.55415352260778,T,19.424144444444444,N,-155.2218861111111,W,Apple,iPhone 8,,810,1080,"Fulcrum iOS 2.19.7 (3837), iOS 12.4, Apple, iPhone 8",72.0,72.0
288e5aa4-0508-4490-b092-db21433f912a,946f0165-8619-4d14-a90d-bd5e50b671d8,946f0165-8619-4d14-a90d-bd5e50b671d8,1,,19.42423888888889,-155.2219638888889,POINT (-155.2219638888889 19.42423888888889),572252,2019-09-04 03:00:19 UTC,2019-08-28 10:50:42 UTC,1137.11542991755,2019-08-28,20:50:44,8.001208276695364,266.8289183222958,T,19.42423888888889,N,-155.2219638888889,W,Apple,iPhone 8,,810,1080,"Fulcrum iOS 2.19.7 (3837), iOS 12.4, Apple, iPhone 8",72.0,72.0
069cf71c-6555-44c4-95ff-32c81b857bf9,fb331ded-5eac-4f86-a9dd-7cdea207f375,fb331ded-5eac-4f86-a9dd-7cdea207f375,1,,19.44159722222222,-155.18408333333335,POINT (-155.18408333333335 19.44159722222222),564404,2019-09-04 03:00:21 UTC,2019-08-28 11:59:19 UTC,924.1663101604278,2019-08-28,21:59:21,12.001812415043045,207.06306459860235,T,19.44159722222222,N,-155.18408333333335,W,Apple,iPhone 8,,810,1080,"Fulcrum iOS 2.19.7 (3837), iOS 12.4, Apple, iPhone 8",72.0,72.0
970d7af4-b358-4e76-a40b-a8f33a46d644,1c24983c-36a3-49a0-a3ea-1ef463e4f423,1c24983c-36a3-49a0-a3ea-1ef463e4f423,1,,19.441641666666666,-155.18411944444443,POINT (-155.18411944444443 19.441641666666666),478668,2019-09-04 03:00:23 UTC,2019-08-28 12:01:33 UTC,923.9972222222223,2019-08-28,22:01:33,8.001208276695364,130.88835147118098,T,19.441641666666666,N,-155.18411944444443,W,Apple,iPhone 8,,810,1080,"Fulcrum iOS 2.19.7 (3837), iOS 12.4, Apple, iPhone 8",72.0,72.0
14c2c31d-78b6-4439-8520-813be0dda105,51a4f8aa-ec2f-48f1-a0bc-78ece968b12c,51a4f8aa-ec2f-48f1-a0bc-78ece968b12c,1,,19.441644444444446,-155.1841138888889,POINT (-155.1841138888889 19.441644444444446),415550,2019-09-04 03:00:25 UTC,2019-08-28 12:03:34 UTC,923.966213592233,2019-08-28,22:03:36,6.000906207521522,197.47222901884024,T,19.441644444444446,N,-155.1841138888889,W,Apple,iPhone 8,,810,1080,"Fulcrum iOS 2.19.7 (3837), iOS 12.4, Apple, iPhone 8",72.0,72.0
f50619a3-2e0a-4cdd-a2b5-8627898a7fb8,3f98f54f-c1e6-43fc-b6cc-18d612a11f96,3f98f54f-c1e6-43fc-b6cc-18d612a11f96,1,,19.44165277777778,-155.18415000000002,POINT (-155.18415000000002 19.44165277777778),447248,2019-09-04 03:00:26 UTC,2019-08-28 12:07:53 UTC,923.9324155193992,2019-08-28,22:07:53,6.000906207521522,118.19318392294869,T,19.44165277777778,N,-155.18415000000002,W,Apple,iPhone 8,,810,1080,"Fulcrum iOS 2.19.7 (3837), iOS 12.4, Apple, iPhone 8",72.0,72.0
