fulcrum_id,fulcrum_parent_id,fulcrum_record_id,fulcrum_record_version,version,caption,latitude,longitude,geometry,file_size,uploaded_at,exif_date_time,exif_gps_altitude,exif_gps_date_stamp,exif_gps_time_stamp,exif_gps_dop,exif_gps_img_direction,exif_gps_img_direction_ref,exif_gps_latitude,exif_gps_latitude_ref,exif_gps_longitude,exif_gps_longitude_ref,exif_make,exif_model,exif_orientation,exif_pixel_x_dimension,exif_pixel_y_dimension,exif_software,exif_x_resolution,exif_y_resolution
5d26abe7-5b49-4ff2-bcc3-6c7d0a0a1925,25fd4097-6fe2-4d06-9194-788be9f1f89f,4da9ca28-c7e9-412a-a168-6727d3ab2957,1,1,,42.056488888888886,-87.67374277777779,POINT (-87.67374277777779 42.056488888888886),646601,2019-09-05 14:52:16 UTC,2019-08-20 10:45:04 UTC,162.7,2019-08-20,15:44:34,13.387000093659267,,,42.056488888888886,N,-87.67374277777779,W,samsung,SAMSUNG-SM-G930A,,810,1080,"Fulcrum Android 2.33.3 (4903), Android 8.0.0, samsung, SAMSUNG-SM-G930A",72.0,72.0
af1b2c75-4a21-4d89-9336-f581be4e1c4d,25fd4097-6fe2-4d06-9194-788be9f1f89f,4da9ca28-c7e9-412a-a168-6727d3ab2957,1,1,,42.05648127777778,-87.67372227777778,POINT (-87.67372227777778 42.05648127777778),690687,2019-09-05 14:52:18 UTC,2019-08-20 10:46:45 UTC,162.7,2019-08-20,15:46:42,15.170999530736744,,,42.05648127777778,N,-87.67372227777778,W,samsung,SAMSUNG-SM-G930A,,810,1080,"Fulcrum Android 2.33.3 (4903), Android 8.0.0, samsung, SAMSUNG-SM-G930A",72.0,72.0
5b05fd69-a5bc-42ce-b732-c7ed37631f6c,e84bae1f-0c22-44ac-95ed-ef31d2a11f4b,441619e8-e5e9-4daa-9a19-15787d29b7a3,1,1,,42.056484777777776,-87.67373297222223,POINT (-87.67373297222223 42.056484777777776),545125,2019-09-05 14:52:20 UTC,2019-08-20 10:47:29 UTC,162.7,2019-08-20,15:47:26,10.968999859727871,,,42.056484777777776,N,-87.67373297222223,W,samsung,SAMSUNG-SM-G930A,,810,1080,"Fulcrum Android 2.33.3 (4903), Android 8.0.0, samsung, SAMSUNG-SM-G930A",72.0,72.0
3551b0d6-7507-4c98-83fa-fd906985d463,e84bae1f-0c22-44ac-95ed-ef31d2a11f4b,441619e8-e5e9-4daa-9a19-15787d29b7a3,1,1,,42.05648127777778,-87.67373669444444,POINT (-87.67373669444444 42.05648127777778),539339,2019-09-05 14:52:23 UTC,2019-08-20 10:48:40 UTC,162.7,2019-08-20,15:48:37,14.446999541914796,,,42.05648127777778,N,-87.67373669444444,W,samsung,SAMSUNG-SM-G930A,,810,1080,"Fulcrum Android 2.33.3 (4903), Android 8.0.0, samsung, SAMSUNG-SM-G930A",72.0,72.0
c7e5251b-56b3-449e-8261-e253cb0b64e4,e2c7cb9d-9f19-4cb3-a95e-a1317b25e6a3,71f3d4f7-c36b-493f-ad6f-a27233b57ba2,1,1,,42.05648869444444,-87.67374319444446,POINT (-87.67374319444446 42.05648869444444),638105,2019-09-05 14:52:25 UTC,2019-08-20 10:54:58 UTC,162.7,2019-08-20,15:54:51,13.968999859727871,,,42.05648869444444,N,-87.67374319444446,W,samsung,SAMSUNG-SM-G930A,,810,1080,"Fulcrum Android 2.33.3 (4903), Android 8.0.0, samsung, SAMSUNG-SM-G930A",72.0,72.0
af737ac2-b09e-4b49-9ee4-59e72b6b4117,e2c7cb9d-9f19-4cb3-a95e-a1317b25e6a3,71f3d4f7-c36b-493f-ad6f-a27233b57ba2,1,1,,42.05648147222222,-87.67372338888889,POINT (-87.67372338888889 42.05648147222222),614597,2019-09-05 14:52:28 UTC,2019-08-20 10:55:16 UTC,162.7,2019-08-20,15:55:03,13.512999540652274,,,42.05648147222222,N,-87.67372338888889,W,samsung,SAMSUNG-SM-G930A,,810,1080,"Fulcrum Android 2.33.3 (4903), Android 8.0.0, samsung, SAMSUNG-SM-G930A",72.0,72.0
d2fa7d84-9496-457f-a0e4-20c5c887d5ad,f16fdb68-a56f-409d-ba42-03c484634d71,56051684-9e14-411b-b847-ecba080b8d84,1,1,,42.05648897222222,-87.67373,POINT (-87.67373 42.05648897222222),663510,2019-09-05 14:52:31 UTC,2019-08-20 10:58:30 UTC,162.7,2019-08-20,15:58:21,14.48400021368663,,,42.05648897222222,N,-87.67373,W,samsung,SAMSUNG-SM-G930A,,810,1080,"Fulcrum Android 2.33.3 (4903), Android 8.0.0, samsung, SAMSUNG-SM-G930A",72.0,72.0
516d7eea-bdda-4b23-9b39-04948f094c51,f16fdb68-a56f-409d-ba42-03c484634d71,56051684-9e14-411b-b847-ecba080b8d84,1,1,,42.056488888888886,-87.67374369444445,POINT (-87.67374369444445 42.056488888888886),622204,2019-09-05 14:52:33 UTC,2019-08-20 10:58:50 UTC,162.7,2019-08-20,15:58:43,14.333333333333334,,,42.056488888888886,N,-87.67374369444445,W,samsung,SAMSUNG-SM-G930A,,810,1080,"Fulcrum Android 2.33.3 (4903), Android 8.0.0, samsung, SAMSUNG-SM-G930A",72.0,72.0
cc12dc40-aabd-4454-a063-c02c66c8213a,d14df529-f98f-41ff-a3a7-220e84e351de,e9d5d894-f415-48b0-b260-12d948d214f4,1,1,,42.05651608333333,-87.67370177777778,POINT (-87.67370177777778 42.05651608333333),619139,2019-09-05 14:52:35 UTC,2019-08-20 11:08:56 UTC,162.7,2019-08-20,16:08:36,17.138999929868856,,,42.05651608333333,N,-87.67370177777778,W,samsung,SAMSUNG-SM-G930A,,810,1080,"Fulcrum Android 2.33.3 (4903), Android 8.0.0, samsung, SAMSUNG-SM-G930A",72.0,72.0
0dee3d96-10c0-4471-85aa-57a6d0386165,d14df529-f98f-41ff-a3a7-220e84e351de,e9d5d894-f415-48b0-b260-12d948d214f4,1,1,,42.056481777777776,-87.67375688888889,POINT (-87.67375688888889 42.056481777777776),713302,2019-09-05 14:52:36 UTC,2019-08-20 11:09:13 UTC,162.7,2019-08-20,16:09:08,13.484999648703717,,,42.056481777777776,N,-87.67375688888889,W,samsung,SAMSUNG-SM-G930A,,810,1080,"Fulcrum Android 2.33.3 (4903), Android 8.0.0, samsung, SAMSUNG-SM-G930A",72.0,72.0
4c7b7d8f-375a-4242-b355-304ac52c82a5,006da6e4-cef6-471e-ab6a-d7651131b2a6,7dc44774-2c2c-443e-b583-940fc055be34,1,1,,42.05648169444444,-87.67374597222222,POINT (-87.67374597222222 42.05648169444444),592705,2019-09-05 14:52:38 UTC,2019-08-20 11:12:59 UTC,162.7,2019-08-20,16:12:49,16.54,,,42.05648169444444,N,-87.67374597222222,W,samsung,SAMSUNG-SM-G930A,,810,1080,"Fulcrum Android 2.33.3 (4903), Android 8.0.0, samsung, SAMSUNG-SM-G930A",72.0,72.0
e48f2f85-4041-401b-85e1-60f32c122998,006da6e4-cef6-471e-ab6a-d7651131b2a6,7dc44774-2c2c-443e-b583-940fc055be34,1,1,,42.05648958333333,-87.6737433888889,POINT (-87.6737433888889 42.05648958333333),554964,2019-09-05 14:52:40 UTC,2019-08-20 11:13:13 UTC,162.7,2019-08-20,16:13:06,13.99,,,42.05648958333333,N,-87.6737433888889,W,samsung,SAMSUNG-SM-G930A,,810,1080,"Fulcrum Android 2.33.3 (4903), Android 8.0.0, samsung, SAMSUNG-SM-G930A",72.0,72.0
eead307b-16bc-4bbc-af04-af0c69038207,bb2deaf3-f274-4228-b918-232e3f26818e,837e831b-096c-49a2-9125-0a02c92a7576,1,1,,42.056482277777775,-87.67372158333333,POINT (-87.67372158333333 42.056482277777775),667915,2019-09-05 14:52:42 UTC,2019-08-20 11:15:18 UTC,162.7,2019-08-20,16:15:03,14.24699974465912,,,42.056482277777775,N,-87.67372158333333,W,samsung,SAMSUNG-SM-G930A,,810,1080,"Fulcrum Android 2.33.3 (4903), Android 8.0.0, samsung, SAMSUNG-SM-G930A",72.0,72.0
37627058-9a3b-45c2-a9de-6d03da706651,bb2deaf3-f274-4228-b918-232e3f26818e,837e831b-096c-49a2-9125-0a02c92a7576,1,1,,42.05648138888888,-87.67374669444445,POINT (-87.67374669444445 42.05648138888888),527779,2019-09-05 14:52:45 UTC,2019-08-20 11:15:57 UTC,162.7,2019-08-20,16:15:46,11.598999968151851,,,42.05648138888888,N,-87.67374669444445,W,samsung,SAMSUNG-SM-G930A,,810,1080,"Fulcrum Android 2.33.3 (4903), Android 8.0.0, samsung, SAMSUNG-SM-G930A",72.0,72.0
33b4025c-49b0-4174-806a-8eccf2b9172d,cb81591a-0b02-40f0-89d6-a444df5f8038,5f6ac4a9-601f-4789-851f-5672e3d12a33,1,1,,42.0564941000024,-87.6737674,POINT (-87.6737674 42.0564941000024),484621,2019-09-05 18:28:49 UTC,2019-09-01 11:14:20 UTC,162.6,,,16.48,,,42.0564941000024,N,-87.6737674,W,samsung,SM-J737U,,1080,810,"Fulcrum Android 2.33.4 (4934), Android 8.0.0, samsung, SM-J737U",72.0,72.0
e453fec4-1f2a-4a2e-a1e0-a6d48c314a91,cb81591a-0b02-40f0-89d6-a444df5f8038,5f6ac4a9-601f-4789-851f-5672e3d12a33,1,1,,42.0564941000024,-87.6737674,POINT (-87.6737674 42.0564941000024),452153,2019-09-05 18:28:51 UTC,2019-09-01 11:14:50 UTC,162.6,,,16.48,,,42.0564941000024,N,-87.6737674,W,samsung,SM-J737U,,810,1080,"Fulcrum Android 2.33.4 (4934), Android 8.0.0, samsung, SM-J737U",72.0,72.0
71eb06a6-77cc-4fcb-b26a-7384940ab798,7e031391-1bef-4d3c-be6f-a433c0babff1,2daef2d6-0dcf-4dd7-9db1-29fa0d0ff092,1,1,,42.0564908,-87.6737564,POINT (-87.6737564 42.0564908),437837,2019-09-05 18:28:53 UTC,2019-09-01 11:20:52 UTC,162.6,,,16.68899917287014,,,42.0564908,N,-87.6737564,W,samsung,SM-J737U,,810,1080,"Fulcrum Android 2.33.4 (4934), Android 8.0.0, samsung, SM-J737U",72.0,72.0
75ec4a13-b9d8-4336-ac7d-d44e2b5025cd,fc270ffd-e933-421d-bbad-7fc9e611355b,2f4543a6-29a0-454e-99a4-cddb590581a6,1,1,,42.05649029982363,-87.67375660000232,POINT (-87.67375660000232 42.05649029982363),469610,2019-09-05 18:28:54 UTC,2019-09-01 11:21:17 UTC,162.6,,,16.808000728995808,,,42.05649029982363,N,-87.67375660000232,W,samsung,SM-J737U,,810,1080,"Fulcrum Android 2.33.4 (4934), Android 8.0.0, samsung, SM-J737U",72.0,72.0
e135643e-20b1-4d88-8633-57bdb6576006,fc270ffd-e933-421d-bbad-7fc9e611355b,2f4543a6-29a0-454e-99a4-cddb590581a6,1,1,,42.056489400002356,-87.67375810000254,POINT (-87.67375810000254 42.056489400002356),427553,2019-09-05 18:28:56 UTC,2019-09-01 11:21:36 UTC,162.7,,,16.749000540248513,,,42.056489400002356,N,-87.67375810000254,W,samsung,SM-J737U,,810,1080,"Fulcrum Android 2.33.4 (4934), Android 8.0.0, samsung, SM-J737U",72.0,72.0
d6ffc3cf-5dc0-4d42-a25f-58691ffd8361,0f678258-4fa0-48ee-ab73-49da67c33500,07aea3b7-9c44-413e-9a68-c3e5d02b4b43,1,1,,42.05649009999857,-87.67375700000001,POINT (-87.67375700000001 42.05649009999857),490600,2019-09-05 18:28:58 UTC,2019-09-01 11:31:41 UTC,162.6,,,16.8490009387153,,,42.05649009999857,N,-87.67375700000001,W,samsung,SM-J737U,,810,1080,"Fulcrum Android 2.33.4 (4934), Android 8.0.0, samsung, SM-J737U",72.0,72.0
ec908f75-7076-4e0c-85a5-3abf4fae097b,0f678258-4fa0-48ee-ab73-49da67c33500,07aea3b7-9c44-413e-9a68-c3e5d02b4b43,1,1,,42.05648980000235,-87.67375720000001,POINT (-87.67375720000001 42.05648980000235),435131,2019-09-05 18:29:00 UTC,2019-09-01 11:31:59 UTC,162.6,,,14.22,,,42.05648980000235,N,-87.67375720000001,W,samsung,SM-J737U,,810,1080,"Fulcrum Android 2.33.4 (4934), Android 8.0.0, samsung, SM-J737U",72.0,72.0
0f2cbcaa-2340-4540-a729-7681e102fdd0,16b5d4ef-f501-45b1-b720-891f5e907372,c5891411-bc07-45ac-ab87-94ec6a54a902,1,1,,42.0565006,-87.67376059999728,POINT (-87.67376059999728 42.0565006),446769,2019-09-05 18:29:01 UTC,2019-09-01 11:33:11 UTC,162.6,,,16.801000603812646,,,42.0565006,N,-87.67376059999728,W,samsung,SM-J737U,,810,1080,"Fulcrum Android 2.33.4 (4934), Android 8.0.0, samsung, SM-J737U",72.0,72.0
19bd338f-dbb5-4815-bfd3-9fbc402a3709,16b5d4ef-f501-45b1-b720-891f5e907372,c5891411-bc07-45ac-ab87-94ec6a54a902,1,1,,42.056500799999995,-87.673761,POINT (-87.673761 42.056500799999995),408290,2019-09-05 18:29:03 UTC,2019-09-01 11:33:30 UTC,162.6,,,14.04,,,42.056500799999995,N,-87.673761,W,samsung,SM-J737U,,810,1080,"Fulcrum Android 2.33.4 (4934), Android 8.0.0, samsung, SM-J737U",72.0,72.0
809cec91-e6d4-44c2-87bc-3bb5130febcb,5bcd9a2b-894e-43f3-bf4c-c2be2d1d6665,3b876d81-155a-4b44-85fd-31c067df7211,1,1,,42.056518399999995,-87.67375729999893,POINT (-87.67375729999893 42.056518399999995),620365,2019-09-05 18:29:04 UTC,2019-09-01 11:34:51 UTC,162.6,,,17.656,,,42.056518399999995,N,-87.67375729999893,W,samsung,SM-J737U,,1080,810,"Fulcrum Android 2.33.4 (4934), Android 8.0.0, samsung, SM-J737U",72.0,72.0
ba6912b8-56b3-4716-b708-b113919461cf,5bcd9a2b-894e-43f3-bf4c-c2be2d1d6665,3b876d81-155a-4b44-85fd-31c067df7211,1,1,,42.056518999999994,-87.67375820000001,POINT (-87.67375820000001 42.056518999999994),612377,2019-09-05 18:29:06 UTC,2019-09-01 11:35:22 UTC,162.7,,,16.863000864802537,,,42.056518999999994,N,-87.67375820000001,W,samsung,SM-J737U,,1080,810,"Fulcrum Android 2.33.4 (4934), Android 8.0.0, samsung, SM-J737U",72.0,72.0
e311beca-b0f7-4ade-abfe-adaf0040433d,92c7aaa3-a163-4c5a-bb4f-d1bf59bee6b1,41900d60-5b98-454e-8ce7-8d2801c3c96a,1,1,,42.05649029982363,-87.6737568,POINT (-87.6737568 42.05649029982363),502790,2019-09-05 18:29:07 UTC,2019-09-01 11:49:29 UTC,162.6,,,16.785999306037475,,,42.05649029982363,N,-87.6737568,W,samsung,SM-J737U,,810,1080,"Fulcrum Android 2.33.4 (4934), Android 8.0.0, samsung, SM-J737U",72.0,72.0
bb3fc89a-81b6-49fe-9858-d1fb8e105f0b,92c7aaa3-a163-4c5a-bb4f-d1bf59bee6b1,41900d60-5b98-454e-8ce7-8d2801c3c96a,1,1,,42.0564908,-87.67375810000254,POINT (-87.67375810000254 42.0564908),473526,2019-09-05 18:29:09 UTC,2019-09-01 11:49:51 UTC,162.7,,,16.815000533447137,,,42.0564908,N,-87.67375810000254,W,samsung,SM-J737U,,810,1080,"Fulcrum Android 2.33.4 (4934), Android 8.0.0, samsung, SM-J737U",72.0,72.0
fc6355c2-0ccf-4510-8dcc-596eb941702d,6d55bb05-2987-4da6-8244-423e054f5150,c564104d-afd2-4243-a73a-d1beb760e633,1,1,,42.0565052,-87.6737724014337,POINT (-87.6737724014337 42.0565052),510769,2019-09-05 18:29:11 UTC,2019-09-01 11:53:09 UTC,162.7,,,14.08,,,42.0565052,N,-87.6737724014337,W,samsung,SM-J737U,,810,1080,"Fulcrum Android 2.33.4 (4934), Android 8.0.0, samsung, SM-J737U",72.0,72.0
8661a803-ed34-4706-8b19-e878d33ea9e2,6d55bb05-2987-4da6-8244-423e054f5150,c564104d-afd2-4243-a73a-d1beb760e633,1,1,,42.05650130000231,-87.6737616,POINT (-87.6737616 42.05650130000231),388877,2019-09-05 18:29:13 UTC,2019-09-01 11:55:25 UTC,162.7,,,16.697999944673434,,,42.05650130000231,N,-87.6737616,W,samsung,SM-J737U,,810,1080,"Fulcrum Android 2.33.4 (4934), Android 8.0.0, samsung, SM-J737U",72.0,72.0
f849c5e6-2b26-4548-8ee5-8d673d73650b,1a1e20a8-9d5d-4160-a93d-a3e01df6ffbb,578c61d8-1875-40d4-b1ec-0792d027ea8e,1,1,,42.056511400001945,-87.67375750000001,POINT (-87.67375750000001 42.056511400001945),581547,2019-09-05 18:29:15 UTC,2019-09-01 11:56:46 UTC,162.6,,,16.66200065487885,,,42.056511400001945,N,-87.67375750000001,W,samsung,SM-J737U,,810,1080,"Fulcrum Android 2.33.4 (4934), Android 8.0.0, samsung, SM-J737U",72.0,72.0
29d803a6-33e7-4538-8370-53b129992aa0,1a1e20a8-9d5d-4160-a93d-a3e01df6ffbb,578c61d8-1875-40d4-b1ec-0792d027ea8e,1,1,,42.056511400001945,-87.67375750000001,POINT (-87.67375750000001 42.056511400001945),420515,2019-09-05 18:29:16 UTC,2019-09-01 11:57:05 UTC,162.6,,,16.66200065487885,,,42.056511400001945,N,-87.67375750000001,W,samsung,SM-J737U,,810,1080,"Fulcrum Android 2.33.4 (4934), Android 8.0.0, samsung, SM-J737U",72.0,72.0
b91bf5e3-1d76-4b4b-87ca-855350ac7677,b48c03da-ac35-4407-9f66-fd3db804ec21,6b353b9b-8834-4bc1-b91d-60686aad81ef,1,1,,42.05651959738227,-87.6737586,POINT (-87.6737586 42.05651959738227),433811,2019-09-05 18:29:18 UTC,2019-09-01 12:05:21 UTC,162.7,,,17.781999596855474,,,42.05651959738227,N,-87.6737586,W,samsung,SM-J737U,,1080,810,"Fulcrum Android 2.33.4 (4934), Android 8.0.0, samsung, SM-J737U",72.0,72.0
b6942d28-8e3d-4c06-919a-6050b687c4e6,1d8792b4-7ccf-424a-a690-d039641cc912,330ae125-79e0-494b-a98f-5517e9bb3cb7,1,1,,42.05651190000266,-87.67376470000183,POINT (-87.67376470000183 42.05651190000266),433711,2019-09-05 18:29:19 UTC,2019-09-01 12:06:43 UTC,162.6,,,16.802000055711858,,,42.05651190000266,N,-87.67376470000183,W,samsung,SM-J737U,,1080,810,"Fulcrum Android 2.33.4 (4934), Android 8.0.0, samsung, SM-J737U",72.0,72.0
44a6eea6-7e4d-4d2f-a6ba-86b4e9857804,1d8792b4-7ccf-424a-a690-d039641cc912,330ae125-79e0-494b-a98f-5517e9bb3cb7,1,1,,42.05651869999723,-87.67375820000001,POINT (-87.67375820000001 42.05651869999723),385280,2019-09-05 18:29:21 UTC,2019-09-01 12:06:59 UTC,162.7,,,16.819000236910686,,,42.05651869999723,N,-87.67375820000001,W,samsung,SM-J737U,,810,1080,"Fulcrum Android 2.33.4 (4934), Android 8.0.0, samsung, SM-J737U",72.0,72.0
1e45a396-24c2-4c75-a665-7c5e016bab24,1823345c-8247-4c73-baba-a114593e54fd,b4bc5e13-419a-4947-a802-186245a15ad9,1,1,,0.0,0.0,POINT (0.0 0.0),201421,2019-09-06 14:58:06 UTC,2019-09-05 11:53:46 UTC,,,,,,,,,,,Apple,iPhone 5s,,810,1080,"Fulcrum iOS 2.19.6 (3836), iOS 11.4.1, Apple, iPhone 5s",72.0,72.0
442be3d9-985b-429c-870f-81372c65507d,8730021b-055d-4266-af55-a7e591adf2d7,0806e840-99a0-4330-a699-0b2a91136006,1,1,,0.0,0.0,POINT (0.0 0.0),189136,2019-09-06 14:58:08 UTC,2019-09-05 12:12:49 UTC,,,,,,,,,,,Apple,iPhone 5s,,810,1080,"Fulcrum iOS 2.19.6 (3836), iOS 11.4.1, Apple, iPhone 5s",72.0,72.0
e3f252cd-44da-4f3c-a163-37fb880cbf77,4233685d-cc38-4d61-8362-cc230ae3d57d,907e1e58-c393-4ae1-8829-02d9b4a782b5,1,1,,42.056486111111106,-87.674,POINT (-87.674 42.056486111111106),156393,2019-09-06 14:58:10 UTC,2019-09-05 12:25:01 UTC,182.82125603864733,2019-09-05,17:25:02,65.0,302.9083969465649,T,42.056486111111106,N,-87.674,W,Apple,iPhone 5s,,810,1080,"Fulcrum iOS 2.19.6 (3836), iOS 11.4.1, Apple, iPhone 5s",72.0,72.0
1bab8cbc-0247-47a4-9d93-2989b30cccde,3ef8e420-374f-4f1a-89db-453b5dd6c89c,28daaa12-5fa8-4fe7-8c9e-52c87acb857e,1,1,,42.05642777777778,-87.67396111111111,POINT (-87.67396111111111 42.05642777777778),166029,2019-09-06 14:58:13 UTC,2019-09-05 12:33:00 UTC,181.9228650137741,2019-09-05,17:32:57,65.0,296.65441176470586,T,42.05642777777778,N,-87.67396111111111,W,Apple,iPhone 5s,,810,1080,"Fulcrum iOS 2.19.6 (3836), iOS 11.4.1, Apple, iPhone 5s",72.0,72.0
c43735f1-6ae8-4550-9bcb-9ea991c977c0,7eb330e0-95c5-40da-a90f-622c8110982e,71abe171-c8d1-40fc-a5b1-1590cbecf55c,1,1,,42.056419444444444,-87.673975,POINT (-87.673975 42.056419444444444),197631,2019-09-06 14:58:14 UTC,2019-09-05 12:45:09 UTC,181.62749003984064,2019-09-05,17:45:06,65.0,292.08780487804876,T,42.056419444444444,N,-87.673975,W,Apple,iPhone 5s,,810,1080,"Fulcrum iOS 2.19.6 (3836), iOS 11.4.1, Apple, iPhone 5s",72.0,72.0
00826701-13b6-442c-846c-0398f8c800a1,5f4612a5-3c1e-458e-85cf-7c966cf18bd5,ea448d3f-a991-4a44-b43c-b30bae27bcd5,1,1,,42.05641111111111,-87.67395833333333,POINT (-87.67395833333333 42.05641111111111),193898,2019-09-06 14:58:18 UTC,2019-09-05 12:57:00 UTC,181.17582417582418,2019-09-05,17:57:01,65.0,301.5326086956522,T,42.05641111111111,N,-87.67395833333333,W,Apple,iPhone 5s,,810,1080,"Fulcrum iOS 2.19.6 (3836), iOS 11.4.1, Apple, iPhone 5s",72.0,72.0
a45fb45e-2494-432b-9761-8578b9933d53,36e826a0-d950-485b-9379-7dda582e582d,0fed3c94-d269-4f2b-a5b2-f916cebfe07c,1,1,,42.05642777777778,-87.67396388888889,POINT (-87.67396388888889 42.05642777777778),159137,2019-09-06 14:58:20 UTC,2019-09-05 13:09:30 UTC,181.59803921568627,2019-09-05,18:09:32,65.0,289.64161849710985,T,42.05642777777778,N,-87.67396388888889,W,Apple,iPhone 5s,,810,1080,"Fulcrum iOS 2.19.6 (3836), iOS 11.4.1, Apple, iPhone 5s",72.0,72.0
8416a52a-75a6-4b1c-ad88-e404995a2ab0,61dfdb77-618b-4966-945b-411d57e64110,3b221a38-78d3-49f3-a796-463b5c4c2401,1,1,,42.056438888888884,-87.67397222222223,POINT (-87.67397222222223 42.056438888888884),147033,2019-09-06 14:58:21 UTC,2019-09-05 13:46:35 UTC,181.82285714285715,2019-09-05,18:46:30,65.0,303.65686274509807,T,42.056438888888884,N,-87.67397222222223,W,Apple,iPhone 5s,,810,1080,"Fulcrum iOS 2.19.6 (3836), iOS 11.4.1, Apple, iPhone 5s",72.0,72.0
691875be-b68d-4934-b90d-dbe04237f8e1,7505a6fc-8c82-44a6-b867-98f01e78b4e0,a78300f5-237a-461a-b9a6-354ce4a56daf,1,1,,42.056444444444445,-87.673975,POINT (-87.673975 42.056444444444445),143008,2019-09-06 14:58:22 UTC,2019-09-05 13:49:11 UTC,182.07871720116617,2019-09-05,18:49:10,65.0,306.451690821256,T,42.056444444444445,N,-87.673975,W,Apple,iPhone 5s,,810,1080,"Fulcrum iOS 2.19.6 (3836), iOS 11.4.1, Apple, iPhone 5s",72.0,72.0
30effb1a-5010-445d-be07-b7ddb279b7c9,c8076e83-1705-407a-84d8-a2580c71330e,6b6e2d66-143d-462f-9e13-96c73a010206,1,1,,42.056441666666665,-87.67397222222223,POINT (-87.67397222222223 42.056441666666665),149866,2019-09-06 14:58:23 UTC,2019-09-05 13:50:39 UTC,182.0641509433962,2019-09-05,18:50:37,65.0,295.75598086124404,T,42.056441666666665,N,-87.67397222222223,W,Apple,iPhone 5s,,810,1080,"Fulcrum iOS 2.19.6 (3836), iOS 11.4.1, Apple, iPhone 5s",72.0,72.0
3294262b-31c8-4594-912c-0ae0fdc02856,333f4b97-1d6c-4e8e-a5b9-b5aaea88cc1d,041525c8-ee4d-4f7a-9140-02d1f3f1ca17,1,1,,42.056444444444445,-87.67397222222223,POINT (-87.67397222222223 42.056444444444445),193124,2019-09-06 14:58:26 UTC,2019-09-05 13:51:54 UTC,182.07100591715977,2019-09-05,18:51:52,65.0,304.6489361702128,T,42.056444444444445,N,-87.67397222222223,W,Apple,iPhone 5s,,810,1080,"Fulcrum iOS 2.19.6 (3836), iOS 11.4.1, Apple, iPhone 5s",72.0,72.0
0bd4489e-3ba7-4862-b13f-6fecb2ef7c91,0f288aca-7b0c-498e-89a3-8701401ac8a7,4d6eb826-61a2-4f2c-97da-5d86042017f7,1,1,,42.05643055555555,-87.67396388888889,POINT (-87.67396388888889 42.05643055555555),191682,2019-09-06 14:58:27 UTC,2019-09-05 13:56:07 UTC,182.02843601895734,2019-09-05,18:56:13,65.0,287.79646017699116,T,42.05643055555555,N,-87.67396388888889,W,Apple,iPhone 5s,,810,1080,"Fulcrum iOS 2.19.6 (3836), iOS 11.4.1, Apple, iPhone 5s",72.0,72.0
a0308610-d399-42ee-804a-f7bca53c80d4,c5ee0aeb-b146-4f86-b520-172553a40a59,7d8d5427-21fd-4152-bb99-72364fc81fb6,1,1,,42.056463888888885,-87.67396666666667,POINT (-87.67396666666667 42.056463888888885),146453,2019-09-06 14:58:28 UTC,2019-09-05 14:01:03 UTC,181.86610878661088,2019-09-05,19:00:59,65.0,310.9671052631579,T,42.056463888888885,N,-87.67396666666667,W,Apple,iPhone 5s,,810,1080,"Fulcrum iOS 2.19.6 (3836), iOS 11.4.1, Apple, iPhone 5s",72.0,72.0
e843e578-7d19-4ca4-9699-7f8423cce0cc,e25daaa8-8d16-43ba-ad54-ecd7de81b04c,e551e866-1b10-4464-972f-d65b26c47279,1,1,,42.056441666666665,-87.67396944444445,POINT (-87.67396944444445 42.056441666666665),135596,2019-09-06 14:58:32 UTC,2019-09-05 14:10:52 UTC,181.91780821917808,2019-09-05,19:10:50,65.0,284.5149253731343,T,42.056441666666665,N,-87.67396944444445,W,Apple,iPhone 5s,,810,1080,"Fulcrum iOS 2.19.6 (3836), iOS 11.4.1, Apple, iPhone 5s",72.0,72.0
193b62d0-37b9-4d57-be84-40ef9d2e6dad,2b40021d-4eab-458b-8efc-5b16e7938364,16338738-e521-4d15-b870-0bad70a59e43,1,1,,42.05643055555555,-87.67396388888889,POINT (-87.67396388888889 42.05643055555555),192265,2019-09-06 14:58:35 UTC,2019-09-05 14:13:42 UTC,181.71406491499226,2019-09-05,19:13:43,65.0,279.13432835820896,T,42.05643055555555,N,-87.67396388888889,W,Apple,iPhone 5s,,810,1080,"Fulcrum iOS 2.19.6 (3836), iOS 11.4.1, Apple, iPhone 5s",72.0,72.0
8caf17a4-b5e0-4bcf-b2a5-2ffb21bb5d11,afa578d2-6c0d-4664-8afe-dbc8af25adee,69674e4c-42a4-4084-b657-0ae6a4e5ec52,1,1,,42.056444444444445,-87.67396944444445,POINT (-87.67396944444445 42.056444444444445),135999,2019-09-06 14:58:39 UTC,2019-09-05 14:15:29 UTC,182.02762430939225,2019-09-05,19:15:35,65.0,291.383064516129,T,42.056444444444445,N,-87.67396944444445,W,Apple,iPhone 5s,,810,1080,"Fulcrum iOS 2.19.6 (3836), iOS 11.4.1, Apple, iPhone 5s",72.0,72.0
454a7bed-6480-4c19-83f1-ce396c55d845,4e75e938-b747-457e-abe5-6676e03644af,45cf659a-9fcc-4e31-8b99-73bcac631fcd,1,1,,42.056438888888884,-87.67398611111112,POINT (-87.67398611111112 42.056438888888884),162365,2019-09-06 14:58:40 UTC,2019-09-05 14:27:05 UTC,182.00675675675674,2019-09-05,19:27:03,65.0,296.9438202247191,T,42.056438888888884,N,-87.67398611111112,W,Apple,iPhone 5s,,810,1080,"Fulcrum iOS 2.19.6 (3836), iOS 11.4.1, Apple, iPhone 5s",72.0,72.0
e43b76d2-3ff1-475a-a85e-25cfb0aae1bc,d1b620bc-a518-4429-ac91-f993d763c24e,562f7c53-c9d1-4e2d-99d7-af379381f5f5,1,1,,42.056466666666665,-87.67399444444445,POINT (-87.67399444444445 42.056466666666665),241828,2019-09-06 14:58:41 UTC,2019-09-05 14:33:33 UTC,182.27241379310345,2019-09-05,19:33:30,65.0,273.36212624584715,T,42.056466666666665,N,-87.67399444444445,W,Apple,iPhone 5s,,810,1080,"Fulcrum iOS 2.19.6 (3836), iOS 11.4.1, Apple, iPhone 5s",72.0,72.0
421e2dcf-c357-4306-a918-315cf3abe87d,1f09036f-2ad1-4cc5-98fa-801c2ce8259f,4b6a85f2-8297-4220-bfe9-01442a93ed84,1,1,,42.05647988888889,-87.67377297222222,POINT (-87.67377297222222 42.05647988888889),555861,2019-09-05 19:40:26 UTC,2019-09-05 10:05:19 UTC,162.7,2019-09-05,15:05:01,,,,42.05647988888889,N,-87.67377297222222,W,samsung,SAMSUNG-SM-G930A,,810,1080,"Fulcrum Android 2.33.4 (4934), Android 8.0.0, samsung, SAMSUNG-SM-G930A",72.0,72.0
662632e0-b864-4e32-8e15-6ca1979d3918,c87b1505-888f-4527-993d-507d70ec5995,c2281677-758d-419b-a58f-89b9c5bbd79c,1,1,,42.05648358333333,-87.673759,POINT (-87.673759 42.05648358333333),541957,2019-09-05 19:40:31 UTC,2019-09-05 10:12:52 UTC,162.7,2019-09-05,15:12:39,,,,42.05648358333333,N,-87.673759,W,samsung,SAMSUNG-SM-G930A,,810,1080,"Fulcrum Android 2.33.4 (4934), Android 8.0.0, samsung, SAMSUNG-SM-G930A",72.0,72.0
e8d53242-8680-4bdc-b6fc-b05006cb7b9f,40129298-7723-48ad-94e6-8c3007c67730,4f3dc57e-e357-45a6-897f-4e196a35dd48,1,1,,42.056483388888886,-87.67375919444444,POINT (-87.67375919444444 42.056483388888886),504661,2019-09-05 19:40:36 UTC,2019-09-05 10:20:12 UTC,162.7,2019-09-05,15:20:04,,,,42.056483388888886,N,-87.67375919444444,W,samsung,SAMSUNG-SM-G930A,,810,1080,"Fulcrum Android 2.33.4 (4934), Android 8.0.0, samsung, SAMSUNG-SM-G930A",72.0,72.0
bc499e03-3a59-4799-8397-20bafb67111f,f1d64c27-3984-4771-b3a8-e1a1df019354,22305c77-b5b3-4af8-906d-80cb682e0445,1,1,,42.056479499999995,-87.67377288888889,POINT (-87.67377288888889 42.056479499999995),547880,2019-09-05 19:40:37 UTC,2019-09-05 10:27:11 UTC,162.7,2019-09-05,15:27:04,,,,42.056479499999995,N,-87.67377288888889,W,samsung,SAMSUNG-SM-G930A,,810,1080,"Fulcrum Android 2.33.4 (4934), Android 8.0.0, samsung, SAMSUNG-SM-G930A",72.0,72.0
f98e99e6-2528-4a2f-b6cf-71345daa24cd,cfb1f419-efcc-4081-91ec-7dd4f6c3ac85,132297a8-f622-4198-a1eb-d5c66747ca9d,1,1,,42.05648347222222,-87.67375919444444,POINT (-87.67375919444444 42.05648347222222),516400,2019-09-05 19:40:40 UTC,2019-09-05 10:32:35 UTC,162.7,2019-09-05,15:32:30,,,,42.05648347222222,N,-87.67375919444444,W,samsung,SAMSUNG-SM-G930A,,810,1080,"Fulcrum Android 2.33.4 (4934), Android 8.0.0, samsung, SAMSUNG-SM-G930A",72.0,72.0
9090c3fb-5664-47d1-8a7f-7c9794605c11,48a793d7-973d-4c77-b790-17ef1a30f127,199dd086-4591-42a0-a03c-4873cbb5a604,1,1,,42.05648288888889,-87.6737585,POINT (-87.6737585 42.05648288888889),623325,2019-09-05 19:40:43 UTC,2019-09-05 11:11:02 UTC,162.7,2019-09-05,16:10:58,,,,42.05648288888889,N,-87.6737585,W,samsung,SAMSUNG-SM-G930A,,810,1080,"Fulcrum Android 2.33.4 (4934), Android 8.0.0, samsung, SAMSUNG-SM-G930A",72.0,72.0
c0e00066-16c7-45e1-ae15-ad3a3987cadd,d9fba243-43d4-4aa8-b2e9-c73d06dda8e3,2f1c9690-6a74-409f-945c-ed8906db6b21,1,1,,42.056483388888886,-87.67375927777778,POINT (-87.67375927777778 42.056483388888886),522714,2019-09-05 19:40:45 UTC,2019-09-05 11:22:03 UTC,162.7,2019-09-05,16:21:54,,,,42.056483388888886,N,-87.67375927777778,W,samsung,SAMSUNG-SM-G930A,,810,1080,"Fulcrum Android 2.33.4 (4934), Android 8.0.0, samsung, SAMSUNG-SM-G930A",72.0,72.0
51524290-7b19-4dc5-ac6c-9b0fd15fbf59,221134f1-7d35-45ab-98fd-5e440641a57e,cbf1bc8c-578d-4a20-a425-75a755d889c0,1,1,,0.0,0.0,POINT (0.0 0.0),525744,2019-09-05 19:40:48 UTC,2019-09-05 11:32:20 UTC,,2019-09-05,16:32:20,,,,,,,,samsung,SAMSUNG-SM-G930A,,810,1080,"Fulcrum Android 2.33.4 (4934), Android 8.0.0, samsung, SAMSUNG-SM-G930A",72.0,72.0
6fe8b1c6-3e67-483f-8f5a-129176689853,2a3a5652-0702-4ff2-9ad7-42ef20538c58,8c6e3761-3b27-45ea-8b37-199d0d27d4b2,1,1,,42.056482777777774,-87.6737583888889,POINT (-87.6737583888889 42.056482777777774),513101,2019-09-05 19:40:50 UTC,2019-09-05 12:23:41 UTC,162.5,2019-09-05,17:23:33,14.177000052946472,,,42.056482777777774,N,-87.6737583888889,W,samsung,SAMSUNG-SM-G930A,,810,1080,"Fulcrum Android 2.33.4 (4934), Android 8.0.0, samsung, SAMSUNG-SM-G930A",72.0,72.0
13bfe07f-bc74-4889-b7e4-51f555ea9b57,84221cb7-3a43-4d1a-b4ee-f890afc56e72,6a303ed6-1216-40b6-9b8f-3368cc857919,1,1,,42.05648327777777,-87.673759,POINT (-87.673759 42.05648327777777),523868,2019-09-05 19:40:52 UTC,2019-09-05 12:30:19 UTC,162.7,2019-09-05,17:30:09,12.548999783346574,,,42.05648327777777,N,-87.673759,W,samsung,SAMSUNG-SM-G930A,,810,1080,"Fulcrum Android 2.33.4 (4934), Android 8.0.0, samsung, SAMSUNG-SM-G930A",72.0,72.0
01327891-2e83-441c-8148-d7ffa6af8c3b,dca0283f-1f74-424d-a570-636a493e6c2d,0eecc3c6-91c2-477d-8f79-99d5b43bca92,1,1,,42.05648308333333,-87.6737578888889,POINT (-87.6737578888889 42.05648308333333),517748,2019-09-05 19:40:56 UTC,2019-09-05 12:34:19 UTC,162.5,2019-09-05,17:34:12,12.9,,,42.05648308333333,N,-87.6737578888889,W,samsung,SAMSUNG-SM-G930A,,810,1080,"Fulcrum Android 2.33.4 (4934), Android 8.0.0, samsung, SAMSUNG-SM-G930A",72.0,72.0
c2b3edb2-3eb6-46ad-90ff-aad1d2fd9cca,0e15ebe4-dd50-471b-a348-0bffca140638,85c97798-ef5f-45f3-8955-819e6dec4743,1,1,,42.05648308333333,-87.67375777777778,POINT (-87.67375777777778 42.05648308333333),566481,2019-09-05 19:41:01 UTC,2019-09-05 12:59:15 UTC,162.7,2019-09-05,17:59:14,16.85899925317401,,,42.05648308333333,N,-87.67375777777778,W,samsung,SAMSUNG-SM-G930A,,810,1080,"Fulcrum Android 2.33.4 (4934), Android 8.0.0, samsung, SAMSUNG-SM-G930A",72.0,72.0
73913d83-89e6-4988-b6e6-284512b30e09,494d1358-65ee-41a7-84c9-c54518b8cc5f,a9e498a9-e113-4367-98ee-4662d445eb6c,1,1,,42.0564748,-87.673753,POINT (-87.673753 42.0564748),518255,2019-09-05 19:41:04 UTC,2019-09-05 13:03:09 UTC,162.5,2019-09-05,18:03:09,13.822999947053528,,,42.0564748,N,-87.673753,W,samsung,SAMSUNG-SM-G930A,,810,1080,"Fulcrum Android 2.33.4 (4934), Android 8.0.0, samsung, SAMSUNG-SM-G930A",72.0,72.0
f4ff0e1c-dae8-4270-9329-41ad4701865d,b1d49f28-ae84-4328-a299-77514a0bef4b,221e4cff-82c1-48f9-a8aa-043e80e57ccf,1,1,,42.05649038888889,-87.67375808333334,POINT (-87.67375808333334 42.05649038888889),558812,2019-09-05 19:41:05 UTC,2019-09-05 13:06:57 UTC,162.5,2019-09-05,18:06:52,14.046999925278339,,,42.05649038888889,N,-87.67375808333334,W,samsung,SAMSUNG-SM-G930A,,810,1080,"Fulcrum Android 2.33.4 (4934), Android 8.0.0, samsung, SAMSUNG-SM-G930A",72.0,72.0
18fb4676-209c-49da-94e6-45451da97607,b55e0ba9-5bf1-42a5-b1f4-0f8f5165baf5,17f4733f-e577-4834-a3a4-109c0c4cc232,1,1,,42.056483,-87.67375808333334,POINT (-87.67375808333334 42.056483),509133,2019-09-05 19:41:07 UTC,2019-09-05 13:10:46 UTC,162.7,2019-09-05,18:10:31,14.21300029501426,,,42.056483,N,-87.67375808333334,W,samsung,SAMSUNG-SM-G930A,,810,1080,"Fulcrum Android 2.33.4 (4934), Android 8.0.0, samsung, SAMSUNG-SM-G930A",72.0,72.0
704eaa3a-8c53-44a8-8093-e5df858aaeda,ca812fab-264a-4a41-8d76-3beb856d6c79,efa985e5-4df3-4731-b0f7-481c98bcb43c,1,1,,42.05648258333333,-87.67375808333334,POINT (-87.67375808333334 42.05648258333333),511898,2019-09-05 19:41:09 UTC,2019-09-05 13:19:45 UTC,162.7,2019-09-05,18:19:44,14.165,,,42.05648258333333,N,-87.67375808333334,W,samsung,SAMSUNG-SM-G930A,,810,1080,"Fulcrum Android 2.33.4 (4934), Android 8.0.0, samsung, SAMSUNG-SM-G930A",72.0,72.0
5b7d0da2-d269-4f64-bcf9-763989ef757c,5f596c74-bddd-4323-b082-fe56ed205702,b7ee7f3a-19ac-4be2-82ef-530869d1e593,1,1,,42.05648327777777,-87.67375927777778,POINT (-87.67375927777778 42.05648327777777),465342,2019-09-05 19:41:13 UTC,2019-09-05 13:37:45 UTC,162.7,2019-09-05,18:37:36,14.172,,,42.05648327777777,N,-87.67375927777778,W,samsung,SAMSUNG-SM-G930A,,810,1080,"Fulcrum Android 2.33.4 (4934), Android 8.0.0, samsung, SAMSUNG-SM-G930A",72.0,72.0
da71c072-1828-46e5-a1d2-7db1ff11e7ac,92aa980b-37b5-4ef9-89bb-6a30485fe44b,d6c8267b-d578-441a-9c43-2df78c0383f3,1,1,,42.056483,-87.67376897222222,POINT (-87.67376897222222 42.056483),487084,2019-09-05 19:41:16 UTC,2019-09-05 13:41:02 UTC,162.7,2019-09-05,18:40:56,14.071999191020325,,,42.056483,N,-87.67376897222222,W,samsung,SAMSUNG-SM-G930A,,810,1080,"Fulcrum Android 2.33.4 (4934), Android 8.0.0, samsung, SAMSUNG-SM-G930A",72.0,72.0
b1e83777-a4b4-4198-8959-996e49473af0,464b6371-cf81-49c5-ab24-23ec56f8c0cc,3671fa0a-d059-4797-b748-d1f856cba262,1,1,,42.056482777777774,-87.67375858333334,POINT (-87.67375858333334 42.056482777777774),466446,2019-09-05 19:41:18 UTC,2019-09-05 13:50:59 UTC,162.7,2019-09-05,18:50:44,14.173000331895121,,,42.056482777777774,N,-87.67375858333334,W,samsung,SAMSUNG-SM-G930A,,810,1080,"Fulcrum Android 2.33.4 (4934), Android 8.0.0, samsung, SAMSUNG-SM-G930A",72.0,72.0
b9bbe551-e181-45c5-8144-0efc9720e7e8,5f02f66c-cd02-4ffc-a6dc-3b104dffdd93,e7abecf2-9259-4da3-840b-b695e9db7bec,1,1,,42.056483,-87.67375829999729,POINT (-87.67375829999729 42.056483),525918,2019-09-05 19:41:19 UTC,2019-09-05 13:55:39 UTC,162.7,2019-09-05,18:55:38,16.846000663790242,,,42.056483,N,-87.67375829999729,W,samsung,SAMSUNG-SM-G930A,,810,1080,"Fulcrum Android 2.33.4 (4934), Android 8.0.0, samsung, SAMSUNG-SM-G930A",72.0,72.0
0e30c604-f7fb-4e4f-a6e7-04b1c3baf5ab,cf89ca1e-b177-4d13-869f-59d22e2fbde5,7c39dba0-7f39-4635-8a61-e59af36d1c84,1,1,,42.056483,-87.67375858333334,POINT (-87.67375858333334 42.056483),501040,2019-09-06 17:05:01 UTC,2019-09-05 14:04:50 UTC,162.7,2019-09-05,19:04:22,13.862999908483573,,,42.056483,N,-87.67375858333334,W,samsung,SAMSUNG-SM-G930A,,810,1080,"Fulcrum Android 2.33.4 (4934), Android 8.0.0, samsung, SAMSUNG-SM-G930A",72.0,72.0
496d7743-3cac-49ba-97e5-d4d7f796553e,ab6c87b9-412e-45f2-aecb-379e5679f531,f8f64d79-6113-4ecb-af2d-c4451e3ba1a7,1,1,,42.056479499999995,-87.673767,POINT (-87.673767 42.056479499999995),502776,2019-09-06 17:05:03 UTC,2019-09-05 14:09:16 UTC,162.7,2019-09-05,19:09:16,14.035,,,42.056479499999995,N,-87.673767,W,samsung,SAMSUNG-SM-G930A,,810,1080,"Fulcrum Android 2.33.4 (4934), Android 8.0.0, samsung, SAMSUNG-SM-G930A",72.0,72.0
1fedb04c-eaec-406b-8e28-5685763dd340,9991e468-8877-49c4-8182-6c3b806f9428,7d0b5a9f-e496-4b20-919e-fc4bae4ac1f0,1,1,,42.0564822,-87.6737604,POINT (-87.6737604 42.0564822),530428,2019-09-06 17:05:07 UTC,2019-09-05 14:17:33 UTC,162.7,2019-09-05,19:17:32,14.585,,,42.0564822,N,-87.6737604,W,samsung,SAMSUNG-SM-G930A,,810,1080,"Fulcrum Android 2.33.4 (4934), Android 8.0.0, samsung, SAMSUNG-SM-G930A",72.0,72.0
65f9596d-874d-4a8d-a1e6-1dc2f06d6503,cb986803-ea06-435c-9f6c-c7e813e75c96,3bf025f2-6a4c-48b3-b3a0-582813cdd399,1,1,,42.056483388888886,-87.67375819444445,POINT (-87.67375819444445 42.056483388888886),532915,2019-09-06 17:05:10 UTC,2019-09-05 14:22:37 UTC,162.7,2019-09-05,19:22:09,14.70800019150668,,,42.056483388888886,N,-87.67375819444445,W,samsung,SAMSUNG-SM-G930A,,810,1080,"Fulcrum Android 2.33.4 (4934), Android 8.0.0, samsung, SAMSUNG-SM-G930A",72.0,72.0
c9fabeab-3a82-45b5-a27c-4bdaee96209c,fb0ff456-bc73-4601-b852-a6590f9ce0a0,3dee929a-07e6-462d-9d87-2bd0528afff2,1,1,,42.05648258333333,-87.6737578888889,POINT (-87.6737578888889 42.05648258333333),537612,2019-09-06 17:05:12 UTC,2019-09-05 14:28:27 UTC,162.7,2019-09-05,19:28:06,14.0,,,42.05648258333333,N,-87.6737578888889,W,samsung,SAMSUNG-SM-G930A,,810,1080,"Fulcrum Android 2.33.4 (4934), Android 8.0.0, samsung, SAMSUNG-SM-G930A",72.0,72.0
0c2b196a-abaf-4165-850b-182e50f9a540,cf857b59-3a88-4cdd-b0c5-8a77f9d8d3a0,17ca6f60-69d6-45ec-b3f5-8cad613bcb17,1,1,,42.05648238888889,-87.67375827777778,POINT (-87.67375827777778 42.05648238888889),516878,2019-09-06 17:05:17 UTC,2019-09-05 14:31:29 UTC,162.7,2019-09-05,19:31:10,11.814000138341289,,,42.05648238888889,N,-87.67375827777778,W,samsung,SAMSUNG-SM-G930A,,810,1080,"Fulcrum Android 2.33.4 (4934), Android 8.0.0, samsung, SAMSUNG-SM-G930A",72.0,72.0
bb84c427-c1f4-4222-be10-9c2b3ea09e30,323feace-65cc-43f8-8500-e23cd6c8830c,a052eed6-2b8c-4a37-98b7-b31a13fe0b27,1,1,,42.05648319444444,-87.6737578888889,POINT (-87.6737578888889 42.05648319444444),482041,2019-09-06 17:05:19 UTC,2019-09-05 14:36:25 UTC,162.7,2019-09-05,19:36:13,14.217,,,42.05648319444444,N,-87.6737578888889,W,samsung,SAMSUNG-SM-G930A,,810,1080,"Fulcrum Android 2.33.4 (4934), Android 8.0.0, samsung, SAMSUNG-SM-G930A",72.0,72.0
09421d33-ce6a-45c9-898f-f7d60401547c,415dee1c-9dff-4d02-9b93-d0a1726f29a4,12a21c2e-2921-442f-9dce-16d436c7e24d,1,1,,42.056483,-87.673759,POINT (-87.673759 42.056483),494941,2019-09-06 17:05:21 UTC,2019-09-06 07:54:12 UTC,162.7,2019-09-06,12:54:09,14.081000331968573,,,42.056483,N,-87.673759,W,samsung,SAMSUNG-SM-G930A,,810,1080,"Fulcrum Android 2.33.4 (4934), Android 8.0.0, samsung, SAMSUNG-SM-G930A",72.0,72.0
d46955b6-20f1-450f-9019-d9daa254a0ee,7515a2d0-622f-4394-a5b5-22e8acc168ab,d6e8d143-e5ed-4b45-9b37-82b25a317865,1,1,,42.05648347222222,-87.6737593888889,POINT (-87.6737593888889 42.05648347222222),535088,2019-09-06 17:05:24 UTC,2019-09-06 07:57:44 UTC,162.5,2019-09-06,12:57:38,9.138999929868854,,,42.05648347222222,N,-87.6737593888889,W,samsung,SAMSUNG-SM-G930A,,810,1080,"Fulcrum Android 2.33.4 (4934), Android 8.0.0, samsung, SAMSUNG-SM-G930A",72.0,72.0
4bf6d8a5-b619-471b-bb5a-22cbacce5b81,8ab24d6d-fdb4-44fc-9dc9-790389ce719f,a0ec45b1-6816-4afa-b45f-2a905c3d1657,1,1,,42.05648319444444,-87.67376927777778,POINT (-87.67376927777778 42.05648319444444),474527,2019-09-06 17:05:32 UTC,2019-09-06 08:01:24 UTC,162.7,2019-09-06,13:01:17,11.253999716834207,,,42.05648319444444,N,-87.67376927777778,W,samsung,SAMSUNG-SM-G930A,,810,1080,"Fulcrum Android 2.33.4 (4934), Android 8.0.0, samsung, SAMSUNG-SM-G930A",72.0,72.0
ff161edb-af7e-43fd-a97d-b7d41d321669,f3827fb3-1529-4d2c-a000-94d4e9845f55,896937e6-50a3-4b38-9c18-9c2f9e6dcc60,1,1,,42.056490777777775,-87.67375819444445,POINT (-87.67375819444445 42.056490777777775),502645,2019-09-06 17:05:36 UTC,2019-09-06 08:04:27 UTC,162.7,2019-09-06,13:04:19,11.876999853221783,,,42.056490777777775,N,-87.67375819444445,W,samsung,SAMSUNG-SM-G930A,,810,1080,"Fulcrum Android 2.33.4 (4934), Android 8.0.0, samsung, SAMSUNG-SM-G930A",72.0,72.0
decbed1f-bcb8-43fe-a327-ce112fcf2d02,6ce104be-84d3-48b4-8b62-8ebc56677730,2ee4c3f5-3761-4650-94f6-2fddb58a5f6b,1,1,,42.05648289999908,-87.6737588,POINT (-87.6737588 42.05648289999908),528796,2019-09-06 17:05:38 UTC,2019-09-06 08:10:08 UTC,162.7,2019-09-06,13:10:08,14.173999778344232,,,42.05648289999908,N,-87.6737588,W,samsung,SAMSUNG-SM-G930A,,810,1080,"Fulcrum Android 2.33.4 (4934), Android 8.0.0, samsung, SAMSUNG-SM-G930A",72.0,72.0
e398583e-d13c-4aa5-be9d-c1f327757767,de5bb93d-f7af-47db-a2b0-4448803166bd,1ea395b9-721f-4f8d-aca1-451067f9012f,1,1,,42.056483,-87.6737598888889,POINT (-87.6737598888889 42.056483),457063,2019-09-06 17:05:40 UTC,2019-09-06 08:13:58 UTC,162.7,2019-09-06,13:13:51,14.178999893831618,,,42.056483,N,-87.6737598888889,W,samsung,SAMSUNG-SM-G930A,,810,1080,"Fulcrum Android 2.33.4 (4934), Android 8.0.0, samsung, SAMSUNG-SM-G930A",72.0,72.0
e7e99421-1465-465a-abf1-07a98f4ee469,5858a6e2-f9d6-43de-b2cd-3a6600aeecf3,082222a7-be5d-4bfd-ab7a-3541c6751d46,1,1,,42.05648269444444,-87.67375869444444,POINT (-87.67375869444444 42.05648269444444),526245,2019-09-06 17:05:46 UTC,2019-09-06 08:17:34 UTC,162.7,2019-09-06,13:17:25,14.281000145369967,,,42.05648269444444,N,-87.67375869444444,W,samsung,SAMSUNG-SM-G930A,,810,1080,"Fulcrum Android 2.33.4 (4934), Android 8.0.0, samsung, SAMSUNG-SM-G930A",72.0,72.0
d49db511-0c84-41eb-99ab-7464dcbf5930,c8e3f18d-8a5e-4c96-b87f-e4bd2dd91ded,d864bdaf-371e-4918-8e59-b0bdf14864db,1,1,,42.05648347222222,-87.67375827777778,POINT (-87.67375827777778 42.05648347222222),556687,2019-09-06 17:05:52 UTC,2019-09-06 08:20:26 UTC,162.7,2019-09-06,13:20:10,14.461000442673749,,,42.05648347222222,N,-87.67375827777778,W,samsung,SAMSUNG-SM-G930A,,810,1080,"Fulcrum Android 2.33.4 (4934), Android 8.0.0, samsung, SAMSUNG-SM-G930A",72.0,72.0
75cc593f-fce9-4c35-a416-edcccf4f283e,b2113627-ae85-4717-8e3a-46e7fa4cce41,99e83bd2-6c1e-47cf-a84b-59101e897157,1,1,,42.05648397222222,-87.6737593888889,POINT (-87.6737593888889 42.05648397222222),506493,2019-09-06 17:05:53 UTC,2019-09-06 08:30:26 UTC,162.7,2019-09-06,13:30:02,11.946000108324757,,,42.05648397222222,N,-87.6737593888889,W,samsung,SAMSUNG-SM-G930A,,810,1080,"Fulcrum Android 2.33.4 (4934), Android 8.0.0, samsung, SAMSUNG-SM-G930A",72.0,72.0
0bbac81f-4b92-4c8f-a884-bc46b6d67b42,0d9407ec-a140-4bb7-bed9-7234d58eba29,2c3d505e-1a06-4966-a1b5-3778bb088dc4,1,1,,42.056483400001916,-87.67375909999902,POINT (-87.67375909999902 42.056483400001916),527669,2019-09-06 17:06:00 UTC,2019-09-06 08:34:57 UTC,162.7,2019-09-06,13:34:57,11.896,,,42.056483400001916,N,-87.67375909999902,W,samsung,SAMSUNG-SM-G930A,,810,1080,"Fulcrum Android 2.33.4 (4934), Android 8.0.0, samsung, SAMSUNG-SM-G930A",72.0,72.0
cb68c2e0-7686-4acc-82a7-be0deadfb297,0c55cf66-024b-49eb-b361-a1dab93b469a,0694dae8-8652-4609-9113-6dbc83fd2732,1,1,,42.056483388888886,-87.673758,POINT (-87.673758 42.056483388888886),532040,2019-09-06 17:06:03 UTC,2019-09-06 08:41:16 UTC,162.7,2019-09-06,13:41:06,14.21199981366749,,,42.056483388888886,N,-87.673758,W,samsung,SAMSUNG-SM-G930A,,810,1080,"Fulcrum Android 2.33.4 (4934), Android 8.0.0, samsung, SAMSUNG-SM-G930A",72.0,72.0
60249b1f-d425-465e-8104-4462e76ce01c,6430c2ce-711b-4559-9817-ef95e3895a15,334eb708-2024-4fde-a659-72f271233cf6,1,1,,42.05648319444444,-87.67375908333334,POINT (-87.67375908333334 42.05648319444444),522529,2019-09-06 17:06:05 UTC,2019-09-06 08:48:44 UTC,162.7,2019-09-06,13:48:35,14.184,,,42.05648319444444,N,-87.67375908333334,W,samsung,SAMSUNG-SM-G930A,,810,1080,"Fulcrum Android 2.33.4 (4934), Android 8.0.0, samsung, SAMSUNG-SM-G930A",72.0,72.0
76156ed1-7ff7-4cfd-87a9-54ea6aee05e4,307bd584-dd32-44f8-83c2-4a5b1030fe3e,e2a9c62a-baf1-4943-a798-48959a8a8d0b,1,1,,42.05648347222222,-87.6737585,POINT (-87.6737585 42.05648347222222),527424,2019-09-06 17:06:08 UTC,2019-09-06 08:53:59 UTC,162.7,2019-09-06,13:53:50,12.635000285111479,,,42.05648347222222,N,-87.6737585,W,samsung,SAMSUNG-SM-G930A,,810,1080,"Fulcrum Android 2.33.4 (4934), Android 8.0.0, samsung, SAMSUNG-SM-G930A",72.0,72.0
8a4683ab-d530-40f5-a847-e9c8ce6edc55,faf998d7-0604-4ca1-97fd-81510fb17962,9e62a5c4-5fe3-4e56-93c4-dd0df9859afb,1,1,,42.05649147222222,-87.67376008333333,POINT (-87.67376008333333 42.05649147222222),494543,2019-09-06 17:06:09 UTC,2019-09-06 08:57:35 UTC,162.7,2019-09-06,13:57:26,14.170999530736744,,,42.05649147222222,N,-87.67376008333333,W,samsung,SAMSUNG-SM-G930A,,810,1080,"Fulcrum Android 2.33.4 (4934), Android 8.0.0, samsung, SAMSUNG-SM-G930A",72.0,72.0
17179a81-8226-4cac-9f9f-ea5516a9ac3e,18858074-016e-430a-960a-8ae92a8ddc05,9f2c0e66-8593-498f-a865-cfdb2bfa9126,1,1,,42.05648347222222,-87.67375908333334,POINT (-87.67375908333334 42.05648347222222),509850,2019-09-06 17:06:11 UTC,2019-09-06 09:07:05 UTC,162.7,2019-09-06,14:06:55,11.211000433087916,,,42.05648347222222,N,-87.67375908333334,W,samsung,SAMSUNG-SM-G930A,,810,1080,"Fulcrum Android 2.33.4 (4934), Android 8.0.0, samsung, SAMSUNG-SM-G930A",72.0,72.0
daf6397f-d5e0-43e4-a32a-d469d574e59f,2e61e364-9a64-4156-ae30-fac8e0598ef8,ca873e26-a5e1-4ab0-ab66-f3ca08d58594,1,1,,42.056490499999995,-87.67375840000001,POINT (-87.67375840000001 42.056490499999995),514573,2019-09-06 17:06:16 UTC,2019-09-06 09:11:30 UTC,162.7,2019-09-06,14:11:29,14.125,,,42.056490499999995,N,-87.67375840000001,W,samsung,SAMSUNG-SM-G930A,,810,1080,"Fulcrum Android 2.33.4 (4934), Android 8.0.0, samsung, SAMSUNG-SM-G930A",72.0,72.0
cb07b5ff-a716-4284-812c-1d94f9ded6a4,e6675382-f32a-465f-bce9-92c39c9fcedf,aa5bb6e3-9519-4ac0-a514-97fec9fea550,1,1,,42.05648327777777,-87.67376977777778,POINT (-87.67376977777778 42.05648327777777),501317,2019-09-06 17:06:20 UTC,2019-09-06 09:14:56 UTC,162.5,2019-09-06,14:14:48,14.11499970737988,,,42.05648327777777,N,-87.67376977777778,W,samsung,SAMSUNG-SM-G930A,,810,1080,"Fulcrum Android 2.33.4 (4934), Android 8.0.0, samsung, SAMSUNG-SM-G930A",72.0,72.0
b3a86fdf-3277-43e3-a485-d15c7a05b9e6,c3b7eeb3-7142-493d-8f89-d02f2bfae91a,31600973-f6e8-4d8b-a974-8658fbbd1369,1,1,,42.056483388888886,-87.673758,POINT (-87.673758 42.056483388888886),505668,2019-09-06 17:06:23 UTC,2019-09-06 09:17:59 UTC,162.7,2019-09-06,14:17:56,11.821999549650979,,,42.056483388888886,N,-87.673758,W,samsung,SAMSUNG-SM-G930A,,810,1080,"Fulcrum Android 2.33.4 (4934), Android 8.0.0, samsung, SAMSUNG-SM-G930A",72.0,72.0
24ffbf6f-c510-42ec-a839-94a160111150,20a5e711-70f2-4c79-bea4-5468ddc827a5,0a37a29b-b7be-4117-8d9f-a01b9623b4f9,1,1,,42.05648319444444,-87.6737585,POINT (-87.6737585 42.05648319444444),550362,2019-09-06 17:06:31 UTC,2019-09-06 09:29:54 UTC,162.7,2019-09-06,14:29:51,14.201999661074394,,,42.05648319444444,N,-87.6737585,W,samsung,SAMSUNG-SM-G930A,,810,1080,"Fulcrum Android 2.33.4 (4934), Android 8.0.0, samsung, SAMSUNG-SM-G930A",72.0,72.0
0222b1cf-f06d-48c5-921e-f5715811375e,6d4916a8-b336-47ea-a873-7624f8fdb608,54eec5a6-5926-4512-b79d-c665794d9d3d,1,1,,42.05648347222222,-87.67375919444444,POINT (-87.67375919444444 42.05648347222222),547836,2019-09-06 17:06:33 UTC,2019-09-06 09:33:02 UTC,162.5,2019-09-06,14:32:58,14.119000440334654,,,42.05648347222222,N,-87.67375919444444,W,samsung,SAMSUNG-SM-G930A,,810,1080,"Fulcrum Android 2.33.4 (4934), Android 8.0.0, samsung, SAMSUNG-SM-G930A",72.0,72.0
f01abca0-9422-4ae8-8c05-9283bff3115d,1706d6f9-b01c-4e66-ba40-c61d4dad0fbf,d4dbfc4a-139b-4dc6-9ed3-07c6f17fd848,1,1,,42.05648327777777,-87.6737585,POINT (-87.6737585 42.05648327777777),529149,2019-09-06 17:06:35 UTC,2019-09-06 09:36:44 UTC,162.7,2019-09-06,14:36:37,14.107000342036256,,,42.05648327777777,N,-87.6737585,W,samsung,SAMSUNG-SM-G930A,,810,1080,"Fulcrum Android 2.33.4 (4934), Android 8.0.0, samsung, SAMSUNG-SM-G930A",72.0,72.0
5639f520-a23f-4f41-ac4a-2b861f8e301e,592ced11-cd94-4834-82b0-fc4c5a6adf93,ed4ffe11-776a-4c89-b46e-e57e00d673d0,1,1,,42.056483388888886,-87.67376877777778,POINT (-87.67376877777778 42.056483388888886),501667,2019-09-06 17:06:38 UTC,2019-09-06 09:41:04 UTC,162.5,2019-09-06,14:40:56,13.923000331895121,,,42.056483388888886,N,-87.67376877777778,W,samsung,SAMSUNG-SM-G930A,,810,1080,"Fulcrum Android 2.33.4 (4934), Android 8.0.0, samsung, SAMSUNG-SM-G930A",72.0,72.0
bc855e2b-fb86-42a2-8988-1bc5be4625af,c81ea8c4-6ff5-4d42-9015-74e76482354f,b182c48b-95ae-47a9-a64f-739577a4a9ae,1,1,,42.05648358333333,-87.67375919444444,POINT (-87.67375919444444 42.05648358333333),494114,2019-09-06 17:06:39 UTC,2019-09-06 09:43:15 UTC,162.7,2019-09-06,14:43:09,11.90499968790962,,,42.05648358333333,N,-87.67375919444444,W,samsung,SAMSUNG-SM-G930A,,810,1080,"Fulcrum Android 2.33.4 (4934), Android 8.0.0, samsung, SAMSUNG-SM-G930A",72.0,72.0
e545cd55-04eb-4f86-bad8-ad3991cb2f80,ec8d849f-e840-4dba-9e1f-d2d1c60afb24,a2e6c03d-674b-4d8b-866a-fe75b1912aa8,1,1,,42.05648358333333,-87.67375869444444,POINT (-87.67375869444444 42.05648358333333),504105,2019-09-06 17:06:41 UTC,2019-09-06 09:45:57 UTC,162.7,2019-09-06,14:45:50,16.856000900698042,,,42.05648358333333,N,-87.67375869444444,W,samsung,SAMSUNG-SM-G930A,,810,1080,"Fulcrum Android 2.33.4 (4934), Android 8.0.0, samsung, SAMSUNG-SM-G930A",72.0,72.0
c86eb329-cc97-4a1e-b006-580fd9a852d4,3e28766c-3a4e-4d3b-b6ae-ba2dbc2c58fa,b7e69454-10d8-4583-8e91-5fb1bf4c67bb,1,1,,42.056490499999995,-87.67375819444445,POINT (-87.67375819444445 42.056490499999995),521229,2019-09-06 17:06:45 UTC,2019-09-06 09:48:15 UTC,162.7,2019-09-06,14:48:08,14.248999599839935,,,42.056490499999995,N,-87.67375819444445,W,samsung,SAMSUNG-SM-G930A,,810,1080,"Fulcrum Android 2.33.4 (4934), Android 8.0.0, samsung, SAMSUNG-SM-G930A",72.0,72.0
e7cd8411-637e-485d-8846-2d0adf2a16a9,e61deeef-e2d1-4c43-8a2e-35bee68fe772,c2763877-4afc-449f-9898-792ad8afbec4,1,1,,42.056483388888886,-87.67375869444444,POINT (-87.67375869444444 42.056483388888886),554976,2019-09-06 17:06:48 UTC,2019-09-06 09:51:10 UTC,162.7,2019-09-06,14:51:01,11.852999685896764,,,42.056483388888886,N,-87.67375869444444,W,samsung,SAMSUNG-SM-G930A,,810,1080,"Fulcrum Android 2.33.4 (4934), Android 8.0.0, samsung, SAMSUNG-SM-G930A",72.0,72.0
e52cf605-929d-4547-85ee-750f2dae2017,d38c3c89-b71f-4859-b816-c0c3d7fcc371,81dc964d-21fd-4b10-bf3f-eb97504e2490,1,1,,42.05648,-87.67377319444445,POINT (-87.67377319444445 42.05648),551219,2019-09-06 17:06:51 UTC,2019-09-06 09:55:42 UTC,162.7,2019-09-06,14:55:36,11.619000440334654,,,42.05648,N,-87.67377319444445,W,samsung,SAMSUNG-SM-G930A,,810,1080,"Fulcrum Android 2.33.4 (4934), Android 8.0.0, samsung, SAMSUNG-SM-G930A",72.0,72.0
bd749243-f093-4992-9adf-092df1c870e2,89ee2c53-2d78-4163-a4c0-15aa9508c633,69a0f50a-2ebc-4169-9aa1-7d907ce6c910,1,1,,42.05648358333333,-87.6737585,POINT (-87.6737585 42.05648358333333),523377,2019-09-06 17:06:53 UTC,2019-09-06 09:57:48 UTC,162.7,2019-09-06,14:57:41,14.100999830537198,,,42.05648358333333,N,-87.6737585,W,samsung,SAMSUNG-SM-G930A,,810,1080,"Fulcrum Android 2.33.4 (4934), Android 8.0.0, samsung, SAMSUNG-SM-G930A",72.0,72.0
cf9c278e-2fd4-4b3b-ba65-404a4e8c68ce,e6a9f09d-2218-4e36-99d1-1ea7fa73aef1,06f379ba-e975-4a8f-8577-64327a5a7050,1,1,,42.05648238888889,-87.6737593888889,POINT (-87.6737593888889 42.05648238888889),556636,2019-09-06 17:07:00 UTC,2019-09-06 10:00:50 UTC,162.7,2019-09-06,15:00:48,13.829000469263256,,,42.05648238888889,N,-87.6737593888889,W,samsung,SAMSUNG-SM-G930A,,810,1080,"Fulcrum Android 2.33.4 (4934), Android 8.0.0, samsung, SAMSUNG-SM-G930A",72.0,72.0
b6e1f713-325b-4450-9e07-c840858651ad,4a5f7ebe-e4a3-446c-b5b2-1e21f90a2101,9b31bf2b-3860-46e1-a8c7-103effbc0060,1,1,,42.05647938888889,-87.67377258333333,POINT (-87.67377258333333 42.05647938888889),475761,2019-09-06 17:07:02 UTC,2019-09-06 10:04:44 UTC,162.7,2019-09-06,15:04:35,14.048999790897051,,,42.05647938888889,N,-87.67377258333333,W,samsung,SAMSUNG-SM-G930A,,810,1080,"Fulcrum Android 2.33.4 (4934), Android 8.0.0, samsung, SAMSUNG-SM-G930A",72.0,72.0
bb9c608f-c247-483d-8fe7-17fa0560dd7b,8e49230c-1541-4f7c-808c-f618da324cd5,cc090f20-53e3-4a61-a51f-bca974f82c70,1,1,,42.056470499999996,-87.67377589999909,POINT (-87.67377589999909 42.056470499999996),531375,2019-09-06 17:07:07 UTC,2019-09-06 10:08:30 UTC,162.7,2019-09-06,15:08:30,11.201999661074394,,,42.056470499999996,N,-87.67377589999909,W,samsung,SAMSUNG-SM-G930A,,810,1080,"Fulcrum Android 2.33.4 (4934), Android 8.0.0, samsung, SAMSUNG-SM-G930A",72.0,72.0
92f5eea8-76b7-4820-8a33-482c68b547f3,d5ae6453-b73c-4bd8-b987-47956e4d34b4,2d658554-d5c4-4382-9174-d3754b010a40,1,1,,42.05648319444444,-87.67375877777778,POINT (-87.67375877777778 42.05648319444444),538087,2019-09-06 17:07:09 UTC,2019-09-06 10:11:23 UTC,162.7,2019-09-06,15:11:10,14.22200012895738,,,42.05648319444444,N,-87.67375877777778,W,samsung,SAMSUNG-SM-G930A,,810,1080,"Fulcrum Android 2.33.4 (4934), Android 8.0.0, samsung, SAMSUNG-SM-G930A",72.0,72.0
c25e495b-524e-4188-a85d-be222cfa2484,37608ea6-29bf-4ad4-9cc3-6810b9f9d7c4,cddc3a07-2c92-4b35-818c-d62bad9dd76f,1,1,,42.056483694444445,-87.67375758333334,POINT (-87.67375758333334 42.056483694444445),482764,2019-09-06 17:07:11 UTC,2019-09-06 10:14:12 UTC,162.5,2019-09-06,15:14:06,14.166999818280937,,,42.056483694444445,N,-87.67375758333334,W,samsung,SAMSUNG-SM-G930A,,810,1080,"Fulcrum Android 2.33.4 (4934), Android 8.0.0, samsung, SAMSUNG-SM-G930A",72.0,72.0
3d96400d-481b-4e5b-83eb-666536c69c0d,32ecfb2d-127d-4167-9266-7420dca085a7,011feea6-d5af-45ae-9ce3-139787f83777,1,1,,42.05648319444444,-87.6737588888889,POINT (-87.6737588888889 42.05648319444444),512744,2019-09-06 17:07:15 UTC,2019-09-06 10:38:48 UTC,162.7,2019-09-06,15:38:27,15.211000433087916,,,42.05648319444444,N,-87.6737588888889,W,samsung,SAMSUNG-SM-G930A,,810,1080,"Fulcrum Android 2.33.4 (4934), Android 8.0.0, samsung, SAMSUNG-SM-G930A",72.0,72.0
3aab0f21-9c6f-47e2-9f4b-61e08e3faa70,296416e1-50c6-487d-87c9-fc627f6b97d8,c1be7835-b0df-4982-a901-7d30525ba77a,1,1,,42.056483388888886,-87.67375827777778,POINT (-87.67375827777778 42.056483388888886),504326,2019-09-06 17:07:18 UTC,2019-09-06 10:40:37 UTC,162.7,2019-09-06,15:40:29,14.098999967636493,,,42.056483388888886,N,-87.67375827777778,W,samsung,SAMSUNG-SM-G930A,,810,1080,"Fulcrum Android 2.33.4 (4934), Android 8.0.0, samsung, SAMSUNG-SM-G930A",72.0,72.0
fe12e6c8-9b24-4091-9ce5-7378b643504a,ca04d6cd-d051-4218-bf88-f4acee1a668b,f6cb441b-cf6a-4b6b-bcc6-bc17208f10c4,1,1,,42.05648319444444,-87.67375808333334,POINT (-87.67375808333334 42.05648319444444),553519,2019-09-06 17:07:20 UTC,2019-09-06 10:44:05 UTC,162.7,2019-09-06,15:43:58,14.1350002934789,,,42.05648319444444,N,-87.67375808333334,W,samsung,SAMSUNG-SM-G930A,,810,1080,"Fulcrum Android 2.33.4 (4934), Android 8.0.0, samsung, SAMSUNG-SM-G930A",72.0,72.0
3b01a647-a58b-430c-baf1-5a8e66410ce0,a38705e6-272f-4725-b5e6-8ada4f68e7ec,478ce492-1b62-4bfe-8214-f9b13ac6dd57,1,1,,42.05648347222222,-87.6737693888889,POINT (-87.6737693888889 42.05648347222222),520331,2019-09-06 17:07:22 UTC,2019-09-06 10:45:42 UTC,162.5,2019-09-06,15:45:38,12.11499970737988,,,42.05648347222222,N,-87.6737693888889,W,samsung,SAMSUNG-SM-G930A,,810,1080,"Fulcrum Android 2.33.4 (4934), Android 8.0.0, samsung, SAMSUNG-SM-G930A",72.0,72.0
894429ef-6d16-40dc-9fd1-93d7dc991002,88914b5a-2504-4778-a1ec-406a60bf51c0,b1d08cfb-50b7-47e4-b469-848e084a64ed,1,1,,42.056483199999995,-87.67375909999902,POINT (-87.67375909999902 42.056483199999995),507919,2019-09-06 17:07:25 UTC,2019-09-06 10:48:17 UTC,162.7,2019-09-06,15:48:17,14.90499968790962,,,42.056483199999995,N,-87.67375909999902,W,samsung,SAMSUNG-SM-G930A,,810,1080,"Fulcrum Android 2.33.4 (4934), Android 8.0.0, samsung, SAMSUNG-SM-G930A",72.0,72.0
e5d59048-9fae-4d0a-bd84-fdcfc3c7c91a,7549f3f2-71fd-4124-8d52-1854c8ba4006,06ecc382-fbe1-48c3-b0c6-10189662c41e,1,1,,42.0564835,-87.6737605,POINT (-87.6737605 42.0564835),536335,2019-09-06 17:07:28 UTC,2019-09-06 10:50:03 UTC,162.7,2019-09-06,15:50:02,15.0,,,42.0564835,N,-87.6737605,W,samsung,SAMSUNG-SM-G930A,,810,1080,"Fulcrum Android 2.33.4 (4934), Android 8.0.0, samsung, SAMSUNG-SM-G930A",72.0,72.0
21a5225a-763b-43b4-8e90-0a0bae87b6cd,ec2dc7bb-9111-43fc-bc69-3b88a605353f,5458496f-422c-4c79-9fcd-99646a9461b0,1,1,,42.056483388888886,-87.673759,POINT (-87.673759 42.056483388888886),528684,2019-09-06 17:07:31 UTC,2019-09-06 10:51:37 UTC,162.7,2019-09-06,15:51:32,16.725999824975933,,,42.056483388888886,N,-87.673759,W,samsung,SAMSUNG-SM-G930A,,810,1080,"Fulcrum Android 2.33.4 (4934), Android 8.0.0, samsung, SAMSUNG-SM-G930A",72.0,72.0
2a81d99b-df07-4649-8318-d2c139cdead1,712e8314-9d03-4e41-bd03-d91216e36102,ed1c2800-2d95-4378-96b3-90bb88aa6266,1,1,,42.05648327777777,-87.6737585,POINT (-87.6737585 42.05648327777777),523217,2019-09-06 17:07:33 UTC,2019-09-06 10:53:43 UTC,162.7,2019-09-06,15:53:38,11.46,,,42.05648327777777,N,-87.6737585,W,samsung,SAMSUNG-SM-G930A,,810,1080,"Fulcrum Android 2.33.4 (4934), Android 8.0.0, samsung, SAMSUNG-SM-G930A",72.0,72.0
cf57bcad-d65b-437b-bc5b-4e143f34a09c,7271a7cb-cd48-4ccb-a15b-8cd53ff663d6,0a48c44e-985c-4b62-a22f-e4defa3b3528,1,1,,42.05648180076628,-87.67376080000001,POINT (-87.67376080000001 42.05648180076628),517913,2019-09-06 17:07:36 UTC,2019-09-06 10:58:23 UTC,162.7,2019-09-06,15:58:23,13.989,,,42.05648180076628,N,-87.67376080000001,W,samsung,SAMSUNG-SM-G930A,,810,1080,"Fulcrum Android 2.33.4 (4934), Android 8.0.0, samsung, SAMSUNG-SM-G930A",72.0,72.0
9082380b-e90a-454f-8404-3b668443f16a,e7abd8d6-ffb1-4939-bd8f-c900d94206fa,815c3159-4c76-44c8-bf5b-48b0d57b7e4d,1,1,,42.05648308333333,-87.67375858333334,POINT (-87.67375858333334 42.05648308333333),545825,2019-09-06 17:07:38 UTC,2019-09-06 11:00:53 UTC,162.7,2019-09-06,16:00:47,14.1610002463661,,,42.05648308333333,N,-87.67375858333334,W,samsung,SAMSUNG-SM-G930A,,810,1080,"Fulcrum Android 2.33.4 (4934), Android 8.0.0, samsung, SAMSUNG-SM-G930A",72.0,72.0
be90aa54-6c37-4237-9452-99edfc87baa3,21cf0886-611d-46bf-a7ca-2ade19150ad5,c61ac1fc-63d8-48d7-a673-a23cbf75fdc4,1,1,,42.05649038888889,-87.67375808333334,POINT (-87.67375808333334 42.05649038888889),610423,2019-09-06 17:07:39 UTC,2019-09-06 11:05:37 UTC,162.7,2019-09-06,16:05:30,14.302000055326564,,,42.05649038888889,N,-87.67375808333334,W,samsung,SAMSUNG-SM-G930A,,810,1080,"Fulcrum Android 2.33.4 (4934), Android 8.0.0, samsung, SAMSUNG-SM-G930A",72.0,72.0
e69670e9-f739-4c48-91da-ca0799f4b706,f9a959f8-836e-4d5f-8a18-1508b4b5ac70,ed0ad013-06b7-469e-84a8-4c7f2506d12f,1,1,,42.05649058333333,-87.67375869444444,POINT (-87.67375869444444 42.05649058333333),575018,2019-09-06 17:07:41 UTC,2019-09-06 11:07:55 UTC,162.7,2019-09-06,16:07:50,14.152999872073686,,,42.05649058333333,N,-87.67375869444444,W,samsung,SAMSUNG-SM-G930A,,810,1080,"Fulcrum Android 2.33.4 (4934), Android 8.0.0, samsung, SAMSUNG-SM-G930A",72.0,72.0
b5ab223e-91c5-463d-a761-d97808f62000,ea9049f1-dded-4297-a78c-f938e1db2651,81a7c5b9-fda8-4d9b-a589-ef0fab177df3,1,1,,42.05648347222222,-87.673759,POINT (-87.673759 42.05648347222222),514562,2019-09-06 17:07:46 UTC,2019-09-06 11:11:44 UTC,162.7,2019-09-06,16:11:34,12.470999708539784,,,42.05648347222222,N,-87.673759,W,samsung,SAMSUNG-SM-G930A,,1080,810,"Fulcrum Android 2.33.4 (4934), Android 8.0.0, samsung, SAMSUNG-SM-G930A",72.0,72.0
99de3f5d-eb3f-4863-a214-4b07a3a88782,a44cfddd-7c7c-4dc0-b0a0-e72c3867c96d,50ab87b5-05ba-4775-8a4f-7d2122b3a42b,1,1,,42.05648397222222,-87.67375827777778,POINT (-87.67375827777778 42.05648397222222),534756,2019-09-06 17:07:48 UTC,2019-09-06 11:16:53 UTC,162.7,2019-09-06,16:16:50,11.017999645327185,,,42.05648397222222,N,-87.67375827777778,W,samsung,SAMSUNG-SM-G930A,,810,1080,"Fulcrum Android 2.33.4 (4934), Android 8.0.0, samsung, SAMSUNG-SM-G930A",72.0,72.0
5b733d25-0623-459f-93e7-43ecdcf56f2f,0303f2a0-1f1f-4493-a35c-0ce37d44d1e5,bcc9da0d-8e33-46f3-9428-4434e4fa12a6,1,1,,42.056490277777776,-87.67375097222222,POINT (-87.67375097222222 42.056490277777776),564984,2019-09-06 17:07:51 UTC,2019-09-06 11:19:35 UTC,162.7,2019-09-06,16:19:27,14.253000266690373,,,42.056490277777776,N,-87.67375097222222,W,samsung,SAMSUNG-SM-G930A,,810,1080,"Fulcrum Android 2.33.4 (4934), Android 8.0.0, samsung, SAMSUNG-SM-G930A",72.0,72.0
32aceb6c-a327-4a4f-9f1c-be064c2fea97,4ac83958-327d-42dd-af38-35cb08e5b4e0,c3ee1938-e881-488d-9b75-c3535ab937eb,1,1,,42.05649088888889,-87.67375858333334,POINT (-87.67375858333334 42.05649088888889),455635,2019-09-06 17:07:52 UTC,2019-09-06 11:21:12 UTC,162.7,2019-09-06,16:21:04,13.413999564554757,,,42.05649088888889,N,-87.67375858333334,W,samsung,SAMSUNG-SM-G930A,,810,1080,"Fulcrum Android 2.33.4 (4934), Android 8.0.0, samsung, SAMSUNG-SM-G930A",72.0,72.0
3dc5a2fd-385a-4843-9f14-c38a3894e9f0,8a0b8140-3c0a-4a0d-babb-5e162433b30b,99c24101-8da6-4f63-8b14-f1beaf41a863,1,1,,42.056483,-87.67376908333334,POINT (-87.67376908333334 42.056483),586706,2019-09-06 17:07:54 UTC,2019-09-06 11:35:37 UTC,162.7,2019-09-06,16:35:24,13.913999564554757,,,42.056483,N,-87.67376908333334,W,samsung,SAMSUNG-SM-G930A,,810,1080,"Fulcrum Android 2.33.4 (4934), Android 8.0.0, samsung, SAMSUNG-SM-G930A",72.0,72.0
33b4025c-49b0-4174-806a-8eccf2b9172d,286ff34c-53a3-492b-9d7f-96104f9648c7,5f6ac4a9-601f-4789-851f-5672e3d12a33,2,1,,42.0564941000024,-87.6737674,POINT (-87.6737674 42.0564941000024),484621,2019-09-05 18:28:49 UTC,2019-09-01 11:14:20 UTC,162.6,,,16.48,,,42.0564941000024,N,-87.6737674,W,samsung,SM-J737U,,1080,810,"Fulcrum Android 2.33.4 (4934), Android 8.0.0, samsung, SM-J737U",72.0,72.0
e453fec4-1f2a-4a2e-a1e0-a6d48c314a91,286ff34c-53a3-492b-9d7f-96104f9648c7,5f6ac4a9-601f-4789-851f-5672e3d12a33,2,1,,42.0564941000024,-87.6737674,POINT (-87.6737674 42.0564941000024),452153,2019-09-05 18:28:51 UTC,2019-09-01 11:14:50 UTC,162.6,,,16.48,,,42.0564941000024,N,-87.6737674,W,samsung,SM-J737U,,810,1080,"Fulcrum Android 2.33.4 (4934), Android 8.0.0, samsung, SM-J737U",72.0,72.0
71eb06a6-77cc-4fcb-b26a-7384940ab798,040a5cd9-ef0f-4980-92a1-59625ff2ed90,2daef2d6-0dcf-4dd7-9db1-29fa0d0ff092,2,1,,42.0564908,-87.6737564,POINT (-87.6737564 42.0564908),437837,2019-09-05 18:28:53 UTC,2019-09-01 11:20:52 UTC,162.6,,,16.68899917287014,,,42.0564908,N,-87.6737564,W,samsung,SM-J737U,,810,1080,"Fulcrum Android 2.33.4 (4934), Android 8.0.0, samsung, SM-J737U",72.0,72.0
75ec4a13-b9d8-4336-ac7d-d44e2b5025cd,26699e8b-fb21-408e-95d5-8140307a29c1,2f4543a6-29a0-454e-99a4-cddb590581a6,2,1,,42.05649029982363,-87.67375660000232,POINT (-87.67375660000232 42.05649029982363),469610,2019-09-05 18:28:54 UTC,2019-09-01 11:21:17 UTC,162.6,,,16.808000728995808,,,42.05649029982363,N,-87.67375660000232,W,samsung,SM-J737U,,810,1080,"Fulcrum Android 2.33.4 (4934), Android 8.0.0, samsung, SM-J737U",72.0,72.0
e135643e-20b1-4d88-8633-57bdb6576006,26699e8b-fb21-408e-95d5-8140307a29c1,2f4543a6-29a0-454e-99a4-cddb590581a6,2,1,,42.056489400002356,-87.67375810000254,POINT (-87.67375810000254 42.056489400002356),427553,2019-09-05 18:28:56 UTC,2019-09-01 11:21:36 UTC,162.7,,,16.749000540248513,,,42.056489400002356,N,-87.67375810000254,W,samsung,SM-J737U,,810,1080,"Fulcrum Android 2.33.4 (4934), Android 8.0.0, samsung, SM-J737U",72.0,72.0
d6ffc3cf-5dc0-4d42-a25f-58691ffd8361,0a2849fa-93f5-46f3-8507-3fea59514d15,07aea3b7-9c44-413e-9a68-c3e5d02b4b43,2,1,,42.05649009999857,-87.67375700000001,POINT (-87.67375700000001 42.05649009999857),490600,2019-09-05 18:28:58 UTC,2019-09-01 11:31:41 UTC,162.6,,,16.8490009387153,,,42.05649009999857,N,-87.67375700000001,W,samsung,SM-J737U,,810,1080,"Fulcrum Android 2.33.4 (4934), Android 8.0.0, samsung, SM-J737U",72.0,72.0
ec908f75-7076-4e0c-85a5-3abf4fae097b,0a2849fa-93f5-46f3-8507-3fea59514d15,07aea3b7-9c44-413e-9a68-c3e5d02b4b43,2,1,,42.05648980000235,-87.67375720000001,POINT (-87.67375720000001 42.05648980000235),435131,2019-09-05 18:29:00 UTC,2019-09-01 11:31:59 UTC,162.6,,,14.22,,,42.05648980000235,N,-87.67375720000001,W,samsung,SM-J737U,,810,1080,"Fulcrum Android 2.33.4 (4934), Android 8.0.0, samsung, SM-J737U",72.0,72.0
0f2cbcaa-2340-4540-a729-7681e102fdd0,7b86de1f-43b3-4c28-b1b2-b2e7b7301ede,c5891411-bc07-45ac-ab87-94ec6a54a902,2,1,,42.0565006,-87.67376059999728,POINT (-87.67376059999728 42.0565006),446769,2019-09-05 18:29:01 UTC,2019-09-01 11:33:11 UTC,162.6,,,16.801000603812646,,,42.0565006,N,-87.67376059999728,W,samsung,SM-J737U,,810,1080,"Fulcrum Android 2.33.4 (4934), Android 8.0.0, samsung, SM-J737U",72.0,72.0
19bd338f-dbb5-4815-bfd3-9fbc402a3709,7b86de1f-43b3-4c28-b1b2-b2e7b7301ede,c5891411-bc07-45ac-ab87-94ec6a54a902,2,1,,42.056500799999995,-87.673761,POINT (-87.673761 42.056500799999995),408290,2019-09-05 18:29:03 UTC,2019-09-01 11:33:30 UTC,162.6,,,14.04,,,42.056500799999995,N,-87.673761,W,samsung,SM-J737U,,810,1080,"Fulcrum Android 2.33.4 (4934), Android 8.0.0, samsung, SM-J737U",72.0,72.0
809cec91-e6d4-44c2-87bc-3bb5130febcb,87a72c5d-a602-4659-b0dc-a516e50693a2,3b876d81-155a-4b44-85fd-31c067df7211,2,1,,42.056518399999995,-87.67375729999893,POINT (-87.67375729999893 42.056518399999995),620365,2019-09-05 18:29:04 UTC,2019-09-01 11:34:51 UTC,162.6,,,17.656,,,42.056518399999995,N,-87.67375729999893,W,samsung,SM-J737U,,1080,810,"Fulcrum Android 2.33.4 (4934), Android 8.0.0, samsung, SM-J737U",72.0,72.0
ba6912b8-56b3-4716-b708-b113919461cf,87a72c5d-a602-4659-b0dc-a516e50693a2,3b876d81-155a-4b44-85fd-31c067df7211,2,1,,42.056518999999994,-87.67375820000001,POINT (-87.67375820000001 42.056518999999994),612377,2019-09-05 18:29:06 UTC,2019-09-01 11:35:22 UTC,162.7,,,16.863000864802537,,,42.056518999999994,N,-87.67375820000001,W,samsung,SM-J737U,,1080,810,"Fulcrum Android 2.33.4 (4934), Android 8.0.0, samsung, SM-J737U",72.0,72.0
e311beca-b0f7-4ade-abfe-adaf0040433d,58dfb72d-7c80-47c7-a882-09eea1c25b68,41900d60-5b98-454e-8ce7-8d2801c3c96a,2,1,,42.05649029982363,-87.6737568,POINT (-87.6737568 42.05649029982363),502790,2019-09-05 18:29:07 UTC,2019-09-01 11:49:29 UTC,162.6,,,16.785999306037475,,,42.05649029982363,N,-87.6737568,W,samsung,SM-J737U,,810,1080,"Fulcrum Android 2.33.4 (4934), Android 8.0.0, samsung, SM-J737U",72.0,72.0
bb3fc89a-81b6-49fe-9858-d1fb8e105f0b,58dfb72d-7c80-47c7-a882-09eea1c25b68,41900d60-5b98-454e-8ce7-8d2801c3c96a,2,1,,42.0564908,-87.67375810000254,POINT (-87.67375810000254 42.0564908),473526,2019-09-05 18:29:09 UTC,2019-09-01 11:49:51 UTC,162.7,,,16.815000533447137,,,42.0564908,N,-87.67375810000254,W,samsung,SM-J737U,,810,1080,"Fulcrum Android 2.33.4 (4934), Android 8.0.0, samsung, SM-J737U",72.0,72.0
fc6355c2-0ccf-4510-8dcc-596eb941702d,f7a3568c-b81c-4265-9da7-89d12182db12,c564104d-afd2-4243-a73a-d1beb760e633,2,1,,42.0565052,-87.6737724014337,POINT (-87.6737724014337 42.0565052),510769,2019-09-05 18:29:11 UTC,2019-09-01 11:53:09 UTC,162.7,,,14.08,,,42.0565052,N,-87.6737724014337,W,samsung,SM-J737U,,810,1080,"Fulcrum Android 2.33.4 (4934), Android 8.0.0, samsung, SM-J737U",72.0,72.0
8661a803-ed34-4706-8b19-e878d33ea9e2,f7a3568c-b81c-4265-9da7-89d12182db12,c564104d-afd2-4243-a73a-d1beb760e633,2,1,,42.05650130000231,-87.6737616,POINT (-87.6737616 42.05650130000231),388877,2019-09-05 18:29:13 UTC,2019-09-01 11:55:25 UTC,162.7,,,16.697999944673434,,,42.05650130000231,N,-87.6737616,W,samsung,SM-J737U,,810,1080,"Fulcrum Android 2.33.4 (4934), Android 8.0.0, samsung, SM-J737U",72.0,72.0
f849c5e6-2b26-4548-8ee5-8d673d73650b,cfb18899-9c28-46fd-87dc-474ba9e06a63,578c61d8-1875-40d4-b1ec-0792d027ea8e,2,1,,42.056511400001945,-87.67375750000001,POINT (-87.67375750000001 42.056511400001945),581547,2019-09-05 18:29:15 UTC,2019-09-01 11:56:46 UTC,162.6,,,16.66200065487885,,,42.056511400001945,N,-87.67375750000001,W,samsung,SM-J737U,,810,1080,"Fulcrum Android 2.33.4 (4934), Android 8.0.0, samsung, SM-J737U",72.0,72.0
29d803a6-33e7-4538-8370-53b129992aa0,cfb18899-9c28-46fd-87dc-474ba9e06a63,578c61d8-1875-40d4-b1ec-0792d027ea8e,2,1,,42.056511400001945,-87.67375750000001,POINT (-87.67375750000001 42.056511400001945),420515,2019-09-05 18:29:16 UTC,2019-09-01 11:57:05 UTC,162.6,,,16.66200065487885,,,42.056511400001945,N,-87.67375750000001,W,samsung,SM-J737U,,810,1080,"Fulcrum Android 2.33.4 (4934), Android 8.0.0, samsung, SM-J737U",72.0,72.0
b91bf5e3-1d76-4b4b-87ca-855350ac7677,6514549b-2ec7-4018-b078-89a2fff15745,6b353b9b-8834-4bc1-b91d-60686aad81ef,2,1,,42.05651959738227,-87.6737586,POINT (-87.6737586 42.05651959738227),433811,2019-09-05 18:29:18 UTC,2019-09-01 12:05:21 UTC,162.7,,,17.781999596855474,,,42.05651959738227,N,-87.6737586,W,samsung,SM-J737U,,1080,810,"Fulcrum Android 2.33.4 (4934), Android 8.0.0, samsung, SM-J737U",72.0,72.0
b6942d28-8e3d-4c06-919a-6050b687c4e6,f760461c-6725-4e4e-8841-27d3f071ce40,330ae125-79e0-494b-a98f-5517e9bb3cb7,2,1,,42.05651190000266,-87.67376470000183,POINT (-87.67376470000183 42.05651190000266),433711,2019-09-05 18:29:19 UTC,2019-09-01 12:06:43 UTC,162.6,,,16.802000055711858,,,42.05651190000266,N,-87.67376470000183,W,samsung,SM-J737U,,1080,810,"Fulcrum Android 2.33.4 (4934), Android 8.0.0, samsung, SM-J737U",72.0,72.0
44a6eea6-7e4d-4d2f-a6ba-86b4e9857804,f760461c-6725-4e4e-8841-27d3f071ce40,330ae125-79e0-494b-a98f-5517e9bb3cb7,2,1,,42.05651869999723,-87.67375820000001,POINT (-87.67375820000001 42.05651869999723),385280,2019-09-05 18:29:21 UTC,2019-09-01 12:06:59 UTC,162.7,,,16.819000236910686,,,42.05651869999723,N,-87.67375820000001,W,samsung,SM-J737U,,810,1080,"Fulcrum Android 2.33.4 (4934), Android 8.0.0, samsung, SM-J737U",72.0,72.0
c0f0c8dc-24fe-4a7a-a073-9ece5d9cee2e,6a44c233-6829-4460-8f33-2d776d7559cb,1f244daf-2049-45dd-aec3-ac04cb0bf920,1,1,,42.056509700002195,-87.6738064,POINT (-87.6738064 42.056509700002195),542855,2019-09-07 15:10:18 UTC,2019-09-06 15:10:28 UTC,162.7,,,13.576,,,42.056509700002195,N,-87.6738064,W,samsung,SM-J737U,,810,1080,"Fulcrum Android 2.33.4 (4934), Android 8.0.0, samsung, SM-J737U",72.0,72.0
b34d016a-c12f-434b-a15a-33c237d93832,6a44c233-6829-4460-8f33-2d776d7559cb,1f244daf-2049-45dd-aec3-ac04cb0bf920,1,1,,42.056509700002195,-87.6738064,POINT (-87.6738064 42.056509700002195),415365,2019-09-07 15:10:20 UTC,2019-09-06 15:11:01 UTC,162.7,,,13.576,,,42.056509700002195,N,-87.6738064,W,samsung,SM-J737U,,810,1080,"Fulcrum Android 2.33.4 (4934), Android 8.0.0, samsung, SM-J737U",72.0,72.0
61eba149-d109-454d-a525-5499cd04c244,ddb049b1-c737-41ad-a269-3d71873e3694,7a82abbf-80c4-4966-a8da-60f5f2b637f5,1,1,,42.056518599998185,-87.67375780000245,POINT (-87.67375780000245 42.056518599998185),561719,2019-09-07 15:10:21 UTC,2019-09-06 15:24:51 UTC,162.7,,,14.84,,,42.056518599998185,N,-87.67375780000245,W,samsung,SM-J737U,,810,1080,"Fulcrum Android 2.33.4 (4934), Android 8.0.0, samsung, SM-J737U",72.0,72.0
d9329361-23d6-4741-9d5c-d1e775e3a5e5,ddb049b1-c737-41ad-a269-3d71873e3694,7a82abbf-80c4-4966-a8da-60f5f2b637f5,1,1,,42.05651170000259,-87.67375870000093,POINT (-87.67375870000093 42.05651170000259),496150,2019-09-07 15:10:22 UTC,2019-09-06 15:25:13 UTC,162.7,,,17.78800018633251,,,42.05651170000259,N,-87.67375870000093,W,samsung,SM-J737U,,810,1080,"Fulcrum Android 2.33.4 (4934), Android 8.0.0, samsung, SM-J737U",72.0,72.0
7aaa2b9a-8248-4ca1-839f-8096b707672b,a6092a67-b8ea-4255-9be8-00866270f934,eb9ca911-27d0-4646-934c-06f2cc08720c,1,1,,42.0565012,-87.67375890000245,POINT (-87.67375890000245 42.0565012),556037,2019-09-07 15:10:24 UTC,2019-09-06 15:32:15 UTC,162.7,,,14.965,,,42.0565012,N,-87.67375890000245,W,samsung,SM-J737U,,810,1080,"Fulcrum Android 2.33.4 (4934), Android 8.0.0, samsung, SM-J737U",72.0,72.0
2991dd78-5244-439f-8693-2a6622512736,a6092a67-b8ea-4255-9be8-00866270f934,eb9ca911-27d0-4646-934c-06f2cc08720c,1,1,,42.0564908,-87.6737586,POINT (-87.6737586 42.0564908),427610,2019-09-07 15:10:26 UTC,2019-09-06 15:32:41 UTC,162.7,,,17.73500061599113,,,42.0564908,N,-87.6737586,W,samsung,SM-J737U,,810,1080,"Fulcrum Android 2.33.4 (4934), Android 8.0.0, samsung, SM-J737U",72.0,72.0
eb4e957d-952b-4312-8a36-49a47a441a56,761275c4-9372-4942-a0f8-5a4b18f7b882,a45ec68d-044f-4038-9bcd-6b735b5ca080,1,1,,42.05651929999774,-87.67375890000245,POINT (-87.67375890000245 42.05651929999774),541963,2019-09-07 15:10:27 UTC,2019-09-06 15:41:45 UTC,162.7,,,17.78700065487885,,,42.05651929999774,N,-87.67375890000245,W,samsung,SM-J737U,,810,1080,"Fulcrum Android 2.33.4 (4934), Android 8.0.0, samsung, SM-J737U",72.0,72.0
424d39e7-0b06-4d23-964a-f58b2a05cac1,761275c4-9372-4942-a0f8-5a4b18f7b882,a45ec68d-044f-4038-9bcd-6b735b5ca080,1,1,,42.05651190000266,-87.6737586,POINT (-87.6737586 42.05651190000266),448778,2019-09-07 15:10:29 UTC,2019-09-06 15:42:07 UTC,162.7,,,16.836000441452377,,,42.05651190000266,N,-87.6737586,W,samsung,SM-J737U,,810,1080,"Fulcrum Android 2.33.4 (4934), Android 8.0.0, samsung, SM-J737U",72.0,72.0
081379cb-fcf7-4887-889f-7c841eb06e49,d431478e-86b3-4bb3-aebb-72a24a88f535,d1cf6dd2-8ada-4a4f-9b86-90b701e58d82,1,1,,42.056512,-87.673759,POINT (-87.673759 42.056512),574836,2019-09-07 15:10:31 UTC,2019-09-06 15:55:10 UTC,162.7,,,17.63800049329935,,,42.056512,N,-87.673759,W,samsung,SM-J737U,,810,1080,"Fulcrum Android 2.33.4 (4934), Android 8.0.0, samsung, SM-J737U",72.0,72.0
4798fdbb-386a-4c0c-870b-c067a1162c19,d431478e-86b3-4bb3-aebb-72a24a88f535,d1cf6dd2-8ada-4a4f-9b86-90b701e58d82,1,1,,42.056518499999996,-87.67375969999807,POINT (-87.67375969999807 42.056518499999996),602643,2019-09-07 15:10:32 UTC,2019-09-06 15:55:30 UTC,162.8,,,17.569000251825738,,,42.056518499999996,N,-87.67375969999807,W,samsung,SM-J737U,,1080,810,"Fulcrum Android 2.33.4 (4934), Android 8.0.0, samsung, SM-J737U",72.0,72.0
b0f4a204-80fe-4a8b-bb64-e4672f532975,624eedff-0477-4286-95f4-63d79925d5fb,3cf82796-90d1-4f95-b4a8-7836ba98e0c8,1,1,,42.0565048,-87.6737552,POINT (-87.6737552 42.0565048),678077,2019-09-07 15:10:34 UTC,2019-09-06 16:01:48 UTC,162.7,,,14.745,,,42.0565048,N,-87.6737552,W,samsung,SM-J737U,,1080,810,"Fulcrum Android 2.33.4 (4934), Android 8.0.0, samsung, SM-J737U",72.0,72.0
1597b4c5-2a64-4770-bec3-059b79d4d523,624eedff-0477-4286-95f4-63d79925d5fb,3cf82796-90d1-4f95-b4a8-7836ba98e0c8,1,1,,42.05651170000259,-87.67375840000001,POINT (-87.67375840000001 42.05651170000259),504003,2019-09-07 15:10:35 UTC,2019-09-06 16:02:07 UTC,162.7,,,14.93,,,42.05651170000259,N,-87.67375840000001,W,samsung,SM-J737U,,810,1080,"Fulcrum Android 2.33.4 (4934), Android 8.0.0, samsung, SM-J737U",72.0,72.0
271d6d4e-1295-4681-a6c5-db495c987c5d,d336bde2-8ca8-4bd3-a900-b01ff13d8a46,59b1c695-8180-4a2c-b65c-2cd14f3b34a0,1,1,,42.05648390000184,-87.67376910000198,POINT (-87.67376910000198 42.05648390000184),590723,2019-09-07 15:10:37 UTC,2019-09-06 16:08:01 UTC,162.7,,,14.836000441452379,,,42.05648390000184,N,-87.67376910000198,W,samsung,SM-J737U,,810,1080,"Fulcrum Android 2.33.4 (4934), Android 8.0.0, samsung, SM-J737U",72.0,72.0
0bfd391d-e82d-41bc-9e0f-a366818b3e65,d336bde2-8ca8-4bd3-a900-b01ff13d8a46,59b1c695-8180-4a2c-b65c-2cd14f3b34a0,1,1,,42.05649029982363,-87.67375750000001,POINT (-87.67375750000001 42.05649029982363),409025,2019-09-07 15:10:38 UTC,2019-09-06 16:08:29 UTC,162.7,,,17.63100051840332,,,42.05649029982363,N,-87.67375750000001,W,samsung,SM-J737U,,810,1080,"Fulcrum Android 2.33.4 (4934), Android 8.0.0, samsung, SM-J737U",72.0,72.0
4cdba179-9a88-492a-8e3e-bea4342638e0,c60c331f-fdbb-494f-a224-51b52af65c06,9a1a8e4f-0b51-4976-8948-5a97da26d12a,1,1,,42.0565188,-87.67375810000254,POINT (-87.67375810000254 42.0565188),591961,2019-09-07 15:10:40 UTC,2019-09-06 16:16:27 UTC,162.7,,,15.029000291460216,,,42.0565188,N,-87.67375810000254,W,samsung,SM-J737U,,810,1080,"Fulcrum Android 2.33.4 (4934), Android 8.0.0, samsung, SM-J737U",72.0,72.0
97be7614-a519-47b1-aa6f-e82b86a0bd13,c60c331f-fdbb-494f-a224-51b52af65c06,9a1a8e4f-0b51-4976-8948-5a97da26d12a,1,1,,42.05651829999876,-87.6737475,POINT (-87.6737475 42.05651829999876),538012,2019-09-07 15:10:41 UTC,2019-09-06 16:16:43 UTC,162.7,,,17.856000900698042,,,42.05651829999876,N,-87.6737475,W,samsung,SM-J737U,,1080,810,"Fulcrum Android 2.33.4 (4934), Android 8.0.0, samsung, SM-J737U",72.0,72.0
aefbea73-1e79-47fd-9d2d-aa0beefb53f8,0593638a-e874-4f97-b833-91e395e2168b,a754555c-e348-49ed-8168-59127f9c4866,1,1,,42.056519100218615,-87.6737586,POINT (-87.6737586 42.056519100218615),597520,2019-09-07 15:10:43 UTC,2019-09-06 16:24:13 UTC,162.7,,,17.664,,,42.056519100218615,N,-87.6737586,W,samsung,SM-J737U,,1080,810,"Fulcrum Android 2.33.4 (4934), Android 8.0.0, samsung, SM-J737U",72.0,72.0
588eef26-2490-413e-8610-23568b5a8b11,0593638a-e874-4f97-b833-91e395e2168b,a754555c-e348-49ed-8168-59127f9c4866,1,1,,42.056527777777774,-87.67378640000001,POINT (-87.67378640000001 42.056527777777774),511213,2019-09-07 15:10:44 UTC,2019-09-06 16:24:38 UTC,162.7,,,17.53899955732625,,,42.056527777777774,N,-87.67378640000001,W,samsung,SM-J737U,,1080,810,"Fulcrum Android 2.33.4 (4934), Android 8.0.0, samsung, SM-J737U",72.0,72.0
86875510-4a5d-4a80-a7f4-0662ff0567f1,fcb4506a-3814-4962-ac25-f642fc32ba63,c8db2209-924b-48cd-8b85-b6d589987479,1,1,,42.056491199999996,-87.6737588,POINT (-87.6737588 42.056491199999996),618994,2019-09-07 15:10:46 UTC,2019-09-06 16:28:35 UTC,162.7,,,17.78800018633251,,,42.056491199999996,N,-87.6737588,W,samsung,SM-J737U,,1080,810,"Fulcrum Android 2.33.4 (4934), Android 8.0.0, samsung, SM-J737U",72.0,72.0
55083ae0-2393-4e42-9430-39499a1491f4,fcb4506a-3814-4962-ac25-f642fc32ba63,c8db2209-924b-48cd-8b85-b6d589987479,1,1,,42.056491199999996,-87.6737588,POINT (-87.6737588 42.056491199999996),527256,2019-09-07 15:10:48 UTC,2019-09-06 16:28:53 UTC,162.7,,,17.78800018633251,,,42.056491199999996,N,-87.6737588,W,samsung,SM-J737U,,810,1080,"Fulcrum Android 2.33.4 (4934), Android 8.0.0, samsung, SM-J737U",72.0,72.0
441b2d62-b5d2-48dd-b41d-b8806e5f6573,72b9ccd5-a5de-433f-9f5f-d59aa745d286,3e8def92-921c-4db5-8c45-4a10dc16e9a0,1,1,,42.056490900001265,-87.67375810000254,POINT (-87.67375810000254 42.056490900001265),473677,2019-09-07 15:10:49 UTC,2019-09-06 16:32:26 UTC,162.7,,,16.944,,,42.056490900001265,N,-87.67375810000254,W,samsung,SM-J737U,,810,1080,"Fulcrum Android 2.33.4 (4934), Android 8.0.0, samsung, SM-J737U",72.0,72.0
5661fe74-9eac-448e-826e-494b9be6b0c9,72b9ccd5-a5de-433f-9f5f-d59aa745d286,3e8def92-921c-4db5-8c45-4a10dc16e9a0,1,1,,42.05651170000259,-87.673758,POINT (-87.673758 42.05651170000259),407155,2019-09-07 15:10:51 UTC,2019-09-06 16:32:49 UTC,162.7,,,17.664,,,42.05651170000259,N,-87.673758,W,samsung,SM-J737U,,810,1080,"Fulcrum Android 2.33.4 (4934), Android 8.0.0, samsung, SM-J737U",72.0,72.0
40421b15-5e4a-4e53-9aa6-13fef062eb12,baa15344-3cb1-4c5f-a947-905196c36499,92d8adf5-4653-4e4b-bddd-8f5d6f8f583d,1,1,,42.056519100218615,-87.67375929999848,POINT (-87.67375929999848 42.056519100218615),531405,2019-09-07 15:10:52 UTC,2019-09-06 16:37:35 UTC,162.8,,,14.974,,,42.056519100218615,N,-87.67375929999848,W,samsung,SM-J737U,,810,1080,"Fulcrum Android 2.33.4 (4934), Android 8.0.0, samsung, SM-J737U",72.0,72.0
8b7f8090-fdb0-4c5c-a66d-edb6bfb3086d,baa15344-3cb1-4c5f-a947-905196c36499,92d8adf5-4653-4e4b-bddd-8f5d6f8f583d,1,1,,42.0564941000024,-87.67375170000095,POINT (-87.67375170000095 42.0564941000024),466852,2019-09-07 15:10:54 UTC,2019-09-06 16:37:49 UTC,162.7,,,14.248,,,42.0564941000024,N,-87.67375170000095,W,samsung,SM-J737U,,1080,810,"Fulcrum Android 2.33.4 (4934), Android 8.0.0, samsung, SM-J737U",72.0,72.0
729a49ef-9c19-4097-b45a-cbad751b7b38,29603b66-687f-4ec8-898c-6958484a60ed,ecc8e2d3-ff71-4b67-b672-15d622f524ac,1,1,,42.05645277777778,-87.67378333333333,POINT (-87.67378333333333 42.05645277777778),652421,2019-10-15 17:37:23 UTC,2019-09-04 13:27:07 UTC,162.7,2019-09-04,18:27:07,12.408,216.0,M,42.05645277777778,N,-87.67378333333333,W,Google,Pixel 2,,810,1080,"Fulcrum Android 2.33.4 (4934), Android 9, Google, Pixel 2",72.0,72.0
c74fc8af-8fa7-4aad-96d4-37020b5b9ad2,29603b66-687f-4ec8-898c-6958484a60ed,ecc8e2d3-ff71-4b67-b672-15d622f524ac,1,1,,42.05643611111111,-87.67379444444445,POINT (-87.67379444444445 42.05643611111111),642369,2019-10-15 17:37:25 UTC,2019-09-04 13:27:25 UTC,162.7,2019-09-04,18:27:25,12.418999664316885,215.0,M,42.05643611111111,N,-87.67379444444445,W,Google,Pixel 2,,810,1080,"Fulcrum Android 2.33.4 (4934), Android 9, Google, Pixel 2",72.0,72.0
d506494f-1a60-4b49-b514-58add85693e3,a89efecc-7ed4-442e-a92e-e9aceec7436f,897dec14-826c-49b0-9a24-53854ddd3981,1,1,,42.05645833333333,-87.6737888888889,POINT (-87.6737888888889 42.05645833333333),575497,2019-10-15 17:37:33 UTC,2019-09-04 16:41:29 UTC,162.5,2019-09-04,21:41:29,12.009900990099009,233.0,M,42.05645833333333,N,-87.6737888888889,W,Google,Pixel 2,,1080,810,"Fulcrum Android 2.33.4 (4934), Android 9, Google, Pixel 2",72.0,72.0
30a2bfd1-8f7c-4fa6-90d4-6900110ead0e,f3fafa9d-433e-4bdf-99da-5e23b3815e04,ade41fb3-ef9e-464b-bfe6-56b602595847,1,1,,42.05645277777778,-87.67378611111111,POINT (-87.67378611111111 42.05645277777778),615310,2019-10-15 17:37:34 UTC,2019-09-04 16:50:12 UTC,162.7,2019-09-04,21:50:12,11.285,221.0,M,42.05645277777778,N,-87.67378611111111,W,Google,Pixel 2,,1080,810,"Fulcrum Android 2.33.4 (4934), Android 9, Google, Pixel 2",72.0,72.0
c855a725-d7c7-44eb-bf87-b1c49c4006ca,f3fafa9d-433e-4bdf-99da-5e23b3815e04,ade41fb3-ef9e-464b-bfe6-56b602595847,1,1,,42.056463888888885,-87.67378611111111,POINT (-87.67378611111111 42.056463888888885),590238,2019-10-15 17:37:36 UTC,2019-09-04 16:50:53 UTC,162.7,2019-09-04,21:50:53,13.230999940015597,229.0,M,42.056463888888885,N,-87.67378611111111,W,Google,Pixel 2,,1080,810,"Fulcrum Android 2.33.4 (4934), Android 9, Google, Pixel 2",72.0,72.0
f18d37a0-7cd0-435e-9188-3bb695f622eb,ac924436-ed11-4eab-8604-f0f9a7d84b9b,915b8b2e-99af-4582-8d3a-74a71ff31e43,1,1,,42.05645277777778,-87.6737888888889,POINT (-87.6737888888889 42.05645277777778),528903,2019-10-15 17:37:37 UTC,2019-09-04 17:01:46 UTC,162.5,2019-09-04,22:01:46,9.430999748174264,222.0,M,42.05645277777778,N,-87.6737888888889,W,Google,Pixel 2,,1080,810,"Fulcrum Android 2.33.4 (4934), Android 9, Google, Pixel 2",72.0,72.0
a0ef818b-b761-4c5f-9372-378eb28ecda8,7826508e-f57e-4cfa-aaa6-8dff9c6f7955,6bd704b6-2657-454e-8bc3-716276d315d0,1,1,,0.0,0.0,POINT (0.0 0.0),578037,2019-10-15 17:37:40 UTC,2019-09-04 17:02:14 UTC,,,,,,,,,,,Google,Pixel 2,,1080,810,"Fulcrum Android 2.33.4 (4934), Android 9, Google, Pixel 2",72.0,72.0
ead9da14-731a-4028-82dc-c6f14eacd9a8,7826508e-f57e-4cfa-aaa6-8dff9c6f7955,6bd704b6-2657-454e-8bc3-716276d315d0,1,1,,42.056444444444445,-87.67377777777779,POINT (-87.67377777777779 42.056444444444445),592353,2019-10-15 17:37:42 UTC,2019-09-04 17:05:38 UTC,162.7,2019-09-04,22:05:38,12.689000128353229,234.0,M,42.056444444444445,N,-87.67377777777779,W,Google,Pixel 2,,1080,810,"Fulcrum Android 2.33.4 (4934), Android 9, Google, Pixel 2",72.0,72.0
